"Id","Path","Slice Name","Alias(s)","Label","Min","Max","Must Support?","Is Modifier?","Is Summary?","Type(s)","Short","Definition","Comments","Requirements","Default Value","Meaning When Missing","Fixed Value","Pattern","Example","Minimum Value","Maximum Value","Maximum Length","Binding Strength","Binding Description","Binding Value Set","Code","Slicing Discriminator","Slicing Description","Slicing Ordered","Slicing Rules","Base Path","Base Min","Base Max","Condition(s)","Constraint(s)","Mapping: Workflow Pattern","Mapping: DICOM Tag Mapping","Mapping: FiveWs Pattern Mapping","Mapping: RIM Mapping"
"ImagingSelection","ImagingSelection","","","",0,*,"","","","null {[]} {[]}
","A selection of DICOM SOP instances and/or frames","A selection of DICOM SOP instances and/or frames within a single Study and Series. This might include additional specifics such as an image region, an Observation UID or a Segmentation Number, allowing linkage to an Observation Resource or transferring this information along with the ImagingStudy Resource.","","","","","","","","","",,,,,"",,,,"ImagingSelection",0,*,"","","Event","Reference DICOM PS 3 Table 10-3b","clinical.diagnostics","Entity. Role, or Act"
"ImagingSelection.id","ImagingSelection.id","","","",0,1,"","","Y","id {[]} {[]}
","Logical id of this artifact","The logical id of the resource, as used in the URL for the resource. Once assigned, this value never changes.","Within the context of the FHIR RESTful interactions, the resource has an id except for cases like the create and conditional update. Otherwise, the use of the resouce id depends on the given use case.","","","","","","","","",,,,,"",,,,"Resource.id",0,1,"",""
"ImagingSelection.meta","ImagingSelection.meta","","","",0,1,"","","Y","Meta {[]} {[]}
","Metadata about the resource","The metadata about the resource. This is content that is maintained by the infrastructure. Changes to the content might not always be associated with version changes to the resource.","","","","","","","","","",,,,,"",,,,"Resource.meta",0,1,"","ele-1:All FHIR elements must have a @value or children {hasValue() or (children().count() > id.count())}
"
"ImagingSelection.implicitRules","ImagingSelection.implicitRules","","","",0,1,"","Y","Y","uri {[]} {[]}
","A set of rules under which this content was created","A reference to a set of rules that were followed when the resource was constructed, and which must be understood when processing the content. Often, this is a reference to an implementation guide that defines the special rules along with other profiles etc.","Asserting this rule set restricts the content to be only understood by a limited set of trading partners. This inherently limits the usefulness of the data in the long term. However, the existing health eco-system is highly fractured, and not yet ready to define, collect, and exchange data in a generally computable sense. Wherever possible, implementers and/or specification writers should avoid using this element. Often, when used, the URL is a reference to an implementation guide that defines these special rules as part of its narrative along with other profiles, value sets, etc.","","","","","","","","",,,,,"",,,,"Resource.implicitRules",0,1,"","ele-1:All FHIR elements must have a @value or children {hasValue() or (children().count() > id.count())}
"
"ImagingSelection.language","ImagingSelection.language","","","",0,1,"","","","code {[]} {[]}
","Language of the resource content","The base language in which the resource is written.","Language is provided to support indexing and accessibility (typically, services such as text to speech use the language tag). The html language tag in the narrative applies  to the narrative. The language tag on the resource may be used to specify the language of other presentations generated from the data in the resource. Not all the content has to be in the base language. The Resource.language should not be assumed to apply to the narrative automatically. If a language is specified, it should it also be specified on the div element in the html (see rules in HTML5 for information about the relationship between xml:lang and the html lang attribute).","","","","","","","","",,"required","IETF language tag for a human language","http://hl7.org/fhir/ValueSet/all-languages|5.0.0-draft-final","",,,,"Resource.language",0,1,"","ele-1:All FHIR elements must have a @value or children {hasValue() or (children().count() > id.count())}
"
"ImagingSelection.text","ImagingSelection.text","","narrative
htmlxhtmldisplay","",0,1,"","","","Narrative {[]} {[]}
","Text summary of the resource, for human interpretation","A human-readable narrative that contains a summary of the resource and can be used to represent the content of the resource to a human. The narrative need not encode all the structured data, but is required to contain sufficient detail to make it ""clinically safe"" for a human to just read the narrative. Resource definitions may define what content should be represented in the narrative to ensure clinical safety.","Contained resources do not have a narrative. Resources that are not contained SHOULD have a narrative. In some cases, a resource may only have text with little or no additional discrete data (as long as all minOccurs=1 elements are satisfied).  This may be necessary for data from legacy systems where information is captured as a ""text blob"" or where text is additionally entered raw or narrated and encoded information is added later.","","","","","","","","",,,,,"",,,,"DomainResource.text",0,1,"dom-6
","ele-1:All FHIR elements must have a @value or children {hasValue() or (children().count() > id.count())}
","Act.text?"
"ImagingSelection.contained","ImagingSelection.contained","","inline resources
anonymous resourcescontained resources","",0,*,"","","","Resource {[]} {[]}
","Contained, inline Resources","These resources do not have an independent existence apart from the resource that contains them - they cannot be identified independently, nor can they have their own independent transaction scope. This is allowed to be a Parameters resource if and only if it is referenced by a resource that provides context/meaning.","This should never be done when the content can be identified properly, as once identification is lost, it is extremely difficult (and context dependent) to restore it again. Contained resources may have profiles and tags in their meta elements, but SHALL NOT have security labels.","","","","","","","","",,,,,"",,,,"DomainResource.contained",0,*,"dom-2
dom-4dom-3dom-5","","N/A"
"ImagingSelection.extension","ImagingSelection.extension","","extensions
user content","",0,*,"","","","Extension {[]} {[]}
","Additional content defined by implementations","May be used to represent additional information that is not part of the basic definition of the resource. To make the use of extensions safe and managable, there is a strict set of governance applied to the definition and use of extensions. Though any implementer can define an extension, there is a set of requirements that SHALL be met as part of the definition of the extension.","There can be no stigma associated with the use of extensions by any application, project, or standard - regardless of the institution or jurisdiction that uses or defines the extensions.  The use of extensions is what allows the FHIR specification to retain a core level of simplicity for everyone.","","","","","","","","",,,,,"",,,,"DomainResource.extension",0,*,"","ele-1:All FHIR elements must have a @value or children {hasValue() or (children().count() > id.count())}
ext-1:Must have either extensions or value[x], not both {extension.exists() != value.exists()}","N/A"
"ImagingSelection.modifierExtension","ImagingSelection.modifierExtension","","extensions
user content","",0,*,"","Y","Y","Extension {[]} {[]}
","Extensions that cannot be ignored","May be used to represent additional information that is not part of the basic definition of the resource and that modifies the understanding of the element that contains it and/or the understanding of the containing element's descendants. Usually modifier elements provide negation or qualification. To make the use of extensions safe and managable, there is a strict set of governance applied to the definition and use of extensions. Though any implementer is allowed to define an extension, there is a set of requirements that SHALL be met as part of the definition of the extension. Applications processing a resource are required to check for modifier extensions.

Modifier extensions SHALL NOT change the meaning of any elements on Resource or DomainResource (including cannot change the meaning of modifierExtension itself).","There can be no stigma associated with the use of extensions by any application, project, or standard - regardless of the institution or jurisdiction that uses or defines the extensions.  The use of extensions is what allows the FHIR specification to retain a core level of simplicity for everyone.","Modifier extensions allow for extensions that *cannot* be safely ignored to be clearly distinguished from the vast majority of extensions which can be safely ignored.  This promotes interoperability by eliminating the need for implementers to prohibit the presence of extensions. For further information, see the [definition of modifier extensions](http://hl7.org/fhir/5.0.0-draft-final/extensibility.html#modifierExtension).","","","","","","","",,,,,"",,,,"DomainResource.modifierExtension",0,*,"","ele-1:All FHIR elements must have a @value or children {hasValue() or (children().count() > id.count())}
ext-1:Must have either extensions or value[x], not both {extension.exists() != value.exists()}","N/A"
"ImagingSelection.identifier","ImagingSelection.identifier","","","",0,*,"","","Y","Identifier {[]} {[]}
","Business Identifier for Imaging Selection","A unique identifier assigned to this imaging selection.","This is a business identifier, not a resource identifier -- see discussion under [Business Identifiers](http://hl7.org/fhir/5.0.0-draft-final/resource.html#identifiers). ","Allows imaging selections to be distinguished and referenced.","","","","","","","",,,,,"",,,,"ImagingSelection.identifier",0,*,"","ele-1:All FHIR elements must have a @value or children {hasValue() or (children().count() > id.count())}
","Event.identifier","FiveWs.identifier"
"ImagingSelection.status","ImagingSelection.status","","","",1,1,"","Y","Y","code {[]} {[]}
","available | entered-in-error | unknown","The current state of the ImagingSelection resource. This is not the status of any ImagingStudy, ServiceRequest, or Task resources associated with the ImagingSelection.","Unknown does not represent ""other"" - one of the defined statuses must apply.  Unknown is used when the authoring system is not sure what the current status is.","","","","","<valueCode xmlns=""http://hl7.org/fhir"" value=""unknown""/>","","","",,"required","The status of the ImagingSelection.","http://hl7.org/fhir/ValueSet/imagingselection-status|5.0.0-draft-final","",,,,"ImagingSelection.status",1,1,"","ele-1:All FHIR elements must have a @value or children {hasValue() or (children().count() > id.count())}
","Event.status","FiveWs.status"
"ImagingSelection.subject","ImagingSelection.subject","","","",0,1,"","","Y","Reference {[]} {[CanonicalType[http://hl7.org/fhir/StructureDefinition/Patient]]}
","Subject of the selected instances","The patient, or group of patients, location, device, organization, procedure or practitioner this imaging selection is about and into whose or what record the imaging selection is placed.","","","","","","","","","",,,,,"",,,,"ImagingSelection.subject",0,1,"","ele-1:All FHIR elements must have a @value or children {hasValue() or (children().count() > id.count())}
","Event.subject","(0010/*)","FiveWs.subject[x]","FiveWs.subject"
"ImagingSelection.issued","ImagingSelection.issued","","","",0,1,"","","Y","instant {[]} {[]}
","Date / Time when this imaging selection was created","The date and time this imaging selection was created.","","","","","","","","","",,,,,"",,,,"ImagingSelection.issued",0,1,"","ele-1:All FHIR elements must have a @value or children {hasValue() or (children().count() > id.count())}
","FiveWs.recorded"
"ImagingSelection.performer","ImagingSelection.performer","","","",0,*,"","","Y","BackboneElement {[]} {[]}
","Selector of the instances (human or machine)","Selector of the instances – human or machine.","","","","","","","","","",,,,,"",,,,"ImagingSelection.performer",0,*,"","ele-1:All FHIR elements must have a @value or children {hasValue() or (children().count() > id.count())}
","Event.performer.actor","(0008, 1050) | (0008, 1052) | (0008, 1070) | (0008, 1072)","FiveWs.actor"
"ImagingSelection.performer.id","ImagingSelection.performer.id","","","",0,1,"","","","string {[]} {[]}
","Unique id for inter-element referencing","Unique id for the element within a resource (for internal references). This may be any string value that does not contain spaces.","","","","","","","","","",,,,,"",,,,"Element.id",0,1,"ele-1
","","n/a"
"ImagingSelection.performer.extension","ImagingSelection.performer.extension","","extensions
user content","",0,*,"","","","Extension {[]} {[]}
","Additional content defined by implementations","May be used to represent additional information that is not part of the basic definition of the element. To make the use of extensions safe and managable, there is a strict set of governance applied to the definition and use of extensions. Though any implementer can define an extension, there is a set of requirements that SHALL be met as part of the definition of the extension.","There can be no stigma associated with the use of extensions by any application, project, or standard - regardless of the institution or jurisdiction that uses or defines the extensions.  The use of extensions is what allows the FHIR specification to retain a core level of simplicity for everyone.","","","","","","","","",,,,,"",,,,"Element.extension",0,*,"","ele-1:All FHIR elements must have a @value or children {hasValue() or (children().count() > id.count())}
ext-1:Must have either extensions or value[x], not both {extension.exists() != value.exists()}","n/a"
"ImagingSelection.performer.modifierExtension","ImagingSelection.performer.modifierExtension","","extensions
user contentmodifiers","",0,*,"","Y","Y","Extension {[]} {[]}
","Extensions that cannot be ignored even if unrecognized","May be used to represent additional information that is not part of the basic definition of the element and that modifies the understanding of the element in which it is contained and/or the understanding of the containing element's descendants. Usually modifier elements provide negation or qualification. To make the use of extensions safe and managable, there is a strict set of governance applied to the definition and use of extensions. Though any implementer can define an extension, there is a set of requirements that SHALL be met as part of the definition of the extension. Applications processing a resource are required to check for modifier extensions.

Modifier extensions SHALL NOT change the meaning of any elements on Resource or DomainResource (including cannot change the meaning of modifierExtension itself).","There can be no stigma associated with the use of extensions by any application, project, or standard - regardless of the institution or jurisdiction that uses or defines the extensions.  The use of extensions is what allows the FHIR specification to retain a core level of simplicity for everyone.","Modifier extensions allow for extensions that *cannot* be safely ignored to be clearly distinguished from the vast majority of extensions which can be safely ignored.  This promotes interoperability by eliminating the need for implementers to prohibit the presence of extensions. For further information, see the [definition of modifier extensions](http://hl7.org/fhir/5.0.0-draft-final/extensibility.html#modifierExtension).","","","","","","","",,,,,"",,,,"BackboneElement.modifierExtension",0,*,"","ele-1:All FHIR elements must have a @value or children {hasValue() or (children().count() > id.count())}
ext-1:Must have either extensions or value[x], not both {extension.exists() != value.exists()}","N/A"
"ImagingSelection.performer.function","ImagingSelection.performer.function","","","",0,1,"","","Y","CodeableConcept {[]} {[]}
","Type of performer","Distinguishes the type of involvement of the performer.","","Allows disambiguation of the types and involvement of different performers.","","","","","","","",,"extensible","The type of involvement of the performer.","http://hl7.org/fhir/ValueSet/series-performer-function","",,,,"ImagingSelection.performer.function",0,1,"","ele-1:All FHIR elements must have a @value or children {hasValue() or (children().count() > id.count())}
"
"ImagingSelection.performer.actor","ImagingSelection.performer.actor","","","",0,1,"","","Y","Reference {[]} {[CanonicalType[http://hl7.org/fhir/StructureDefinition/Practitioner], CanonicalType[http://hl7.org/fhir/StructureDefinition/PractitionerRole], CanonicalType[http://hl7.org/fhir/StructureDefinition/Device], CanonicalType[http://hl7.org/fhir/StructureDefinition/Organization], CanonicalType[http://hl7.org/fhir/StructureDefinition/CareTeam], CanonicalType[http://hl7.org/fhir/StructureDefinition/Patient], CanonicalType[http://hl7.org/fhir/StructureDefinition/RelatedPerson], CanonicalType[http://hl7.org/fhir/StructureDefinition/HealthcareService]]}
","Author (human or machine)","Author – human or machine.","","","","","","","","","",,,,,"",,,,"ImagingSelection.performer.actor",0,1,"","ele-1:All FHIR elements must have a @value or children {hasValue() or (children().count() > id.count())}
"
"ImagingSelection.basedOn","ImagingSelection.basedOn","","AccessionNumber
","",0,*,"","","Y","Reference {[]} {[CanonicalType[http://hl7.org/fhir/StructureDefinition/CarePlan], CanonicalType[http://hl7.org/fhir/StructureDefinition/ServiceRequest], CanonicalType[http://hl7.org/fhir/StructureDefinition/Appointment], CanonicalType[http://hl7.org/fhir/StructureDefinition/AppointmentResponse], CanonicalType[http://hl7.org/fhir/StructureDefinition/Task]]}
","Associated request","A list of the diagnostic requests that resulted in this imaging selection being performed.","","","","","","","","","",,,,,"",,,,"ImagingSelection.basedOn",0,*,"","ele-1:All FHIR elements must have a @value or children {hasValue() or (children().count() > id.count())}
","Event.basedOn","Accession Number and Issuer (0080,0050)+(0080,0051)","FiveWs.cause"
"ImagingSelection.category","ImagingSelection.category","","","",0,*,"","","Y","CodeableConcept {[]} {[]}
","Classifies the imaging selection","Classifies the imaging selection.","","Used for filtering what imaging selections are retrieved and displayed.","","","","","","","",,"example","Key Object Selection Document Title.","http://dicom.nema.org/medical/dicom/current/output/chtml/part16/sect_CID_7010.html","",,,,"ImagingSelection.category",0,*,"","ele-1:All FHIR elements must have a @value or children {hasValue() or (children().count() > id.count())}
"
"ImagingSelection.code","ImagingSelection.code","","Description
","",1,1,"","","Y","CodeableConcept {[]} {[]}
","Imaging Selection purpose text or code","Reason for referencing the selected content.","*All* code-value and, if present, component.code-component.value pairs need to be taken into account to correctly understand the meaning of the observation.","Knowing what kind of observation is being made is essential to understanding the observation.","","","","","","","",,"example","Key Object Selection Document Title.","http://dicom.nema.org/medical/dicom/current/output/chtml/part16/sect_CID_7010.html","",,,,"ImagingSelection.code",1,1,"","ele-1:All FHIR elements must have a @value or children {hasValue() or (children().count() > id.count())}
","Concept Name Code Sequence (0040,A043)"
"ImagingSelection.studyUid","ImagingSelection.studyUid","","StudyInstanceUID
","",0,1,"","","Y","id {[]} {[]}
","DICOM Study Instance UID","The Study Instance UID for the DICOM Study from which the images were selected.","See [DICOM PS3.3 C.7.2](http://dicom.nema.org/medical/dicom/current/output/chtml/part03/sect_C.7.2.html).","DICOM Study Instance UID.
       Required unless frameOfReferenceUid and imageRegion are present and instance is not present.","","","","","<valueId xmlns=""http://hl7.org/fhir"" value=""1.2.840.113747.20080222.12753225430534207565993148475333748793""/>","","",,,,,"",,,,"ImagingSelection.studyUid",0,1,"","ele-1:All FHIR elements must have a @value or children {hasValue() or (children().count() > id.count())}
","Study Instance UID (0020,000D)"
"ImagingSelection.derivedFrom","ImagingSelection.derivedFrom","","","",0,*,"","","Y","Reference {[]} {[CanonicalType[http://hl7.org/fhir/StructureDefinition/ImagingStudy]]}
","The imaging study from which the imaging selection is derived","The imaging study from which the imaging selection is made.","","","","","","","","","",,,,,"",,,,"ImagingSelection.derivedFrom",0,*,"","ele-1:All FHIR elements must have a @value or children {hasValue() or (children().count() > id.count())}
"
"ImagingSelection.endpoint","ImagingSelection.endpoint","","","",0,*,"","","Y","Reference {[]} {[CanonicalType[http://hl7.org/fhir/StructureDefinition/Endpoint]]}
","The network service providing retrieval for the images referenced in the imaging selection","The network service providing retrieval access to the selected images, frames, etc. See implementation notes for information about using DICOM endpoints.","Typical endpoint types include DICOM WADO-RS, which is used to retrieve DICOM instances in native or rendered (e.g., JPG, PNG) formats using a RESTful API; DICOM WADO-URI, which can similarly retrieve native or rendered instances, except using an HTTP query-based approach.","Access methods for retrieving (e.g., DICOM’s WADO-URI and WADO-RS) the selected images, frames, etc.","","","","","","","",,,,,"",,,,"ImagingSelection.endpoint",0,*,"","ele-1:All FHIR elements must have a @value or children {hasValue() or (children().count() > id.count())}
"
"ImagingSelection.seriesUid","ImagingSelection.seriesUid","","SeriesInstanceUID
","",0,1,"","","Y","id {[]} {[]}
","DICOM Series Instance UID","The Series Instance UID for the DICOM Series from which the images were selected.","See [DICOM PS3.3 C.7.3](http://dicom.nema.org/medical/dicom/current/output/chtml/part03/sect_C.7.3.html).","DICOM Series Instance UID.
       Required unless frameOfReferenceUid and imageRegion are present and instance is not present.","","","","","<valueId xmlns=""http://hl7.org/fhir"" value=""1.2.840.113747.20080222.12753225430534207565993148475333748793.1""/>","","",,,,,"",,,,"ImagingSelection.seriesUid",0,1,"","ele-1:All FHIR elements must have a @value or children {hasValue() or (children().count() > id.count())}
","Series Instance UID (0020,000E)"
"ImagingSelection.seriesNumber","ImagingSelection.seriesNumber","","SeriesNumber
","",0,1,"","","Y","unsignedInt {[]} {[]}
","DICOM Series Number","The Series Number for the DICOM Series from which the images were selected.","See [DICOM PS3.3 C.7.3](http://dicom.nema.org/medical/dicom/current/output/chtml/part03/sect_C.7.3.html).","DICOM Series Number.","","","","","","","",,,,,"",,,,"ImagingSelection.seriesNumber",0,1,"","ele-1:All FHIR elements must have a @value or children {hasValue() or (children().count() > id.count())}
","Series Number (0020,0011)"
"ImagingSelection.frameOfReferenceUid","ImagingSelection.frameOfReferenceUid","","FrameOfReferenceUID
","",0,1,"","","Y","id {[]} {[]}
","The Frame of Reference UID for the selected images","The Frame of Reference UID identifying the coordinate system that conveys spatial and/or temporal information for the selected images or frames.","See [DICOM PS3.3 C.7.4.1](http://dicom.nema.org/medical/dicom/current/output/chtml/part03/sect_C.7.4.html).","DICOM Frame of Reference UID.
                            Required if studyInstanceUid and seriesInstanceUid are not present.","","","","","<valueId xmlns=""http://hl7.org/fhir"" value=""1.2.840.113747.20080222.12753225430534207565993148475333748793.2""/>","","",,,,,"",,,,"ImagingSelection.frameOfReferenceUid",0,1,"","ele-1:All FHIR elements must have a @value or children {hasValue() or (children().count() > id.count())}
","Frame of Reference UID (0020,0052)"
"ImagingSelection.bodySite","ImagingSelection.bodySite","","BodyPartExamined
","",0,1,"","","Y","CodeableReference {[]} {[CanonicalType[http://hl7.org/fhir/StructureDefinition/BodyStructure]]}
","Body part examined","The anatomic structures examined. See DICOM Part 16 Annex L (http://dicom.nema.org/medical/dicom/current/output/chtml/part16/chapter_L.html) for DICOM to SNOMED-CT mappings.","","","","","","","","","",,"example","SNOMED CT Body site concepts","http://hl7.org/fhir/ValueSet/body-site","",,,,"ImagingSelection.bodySite",0,1,"","ele-1:All FHIR elements must have a @value or children {hasValue() or (children().count() > id.count())}
","Body Part Examined (0018,0015)"
"ImagingSelection.focus","ImagingSelection.focus","","","",0,*,"","","Y","Reference {[]} {[CanonicalType[http://hl7.org/fhir/StructureDefinition/ImagingSelection]]}
","Related resource that is the focus for the imaging selection","The actual focus of an observation when it is not the patient of record representing something or someone associated with the patient such as a spouse, parent, fetus, or donor. For example, fetus observations in a mother's record.  The focus of an observation could also be an existing condition,  an intervention, the subject's diet,  another observation of the subject,  or a body structure such as tumor or implanted device.   An example use case would be using the Observation resource to capture whether the mother is trained to change her child's tracheostomy tube. In this example, the child is the patient of record and the mother is the focus.","An imaging selection may reference a DICOM resource that itself references other DICOM resources.
       e.g. a presentation state references a set of source images or frames.","","","","","","","","",,,,,"",,,,"ImagingSelection.focus",0,*,"","ele-1:All FHIR elements must have a @value or children {hasValue() or (children().count() > id.count())}
"
"ImagingSelection.instance","ImagingSelection.instance","","","",0,*,"","","Y","BackboneElement {[]} {[]}
","The selected instances","Each imaging selection includes one or more selected DICOM SOP instances.","","Required if the the selection does not include all instances in the specified series.","","","","","","","",,,,,"",,,,"ImagingSelection.instance",0,*,"","ele-1:All FHIR elements must have a @value or children {hasValue() or (children().count() > id.count())}
"
"ImagingSelection.instance.id","ImagingSelection.instance.id","","","",0,1,"","","","string {[]} {[]}
","Unique id for inter-element referencing","Unique id for the element within a resource (for internal references). This may be any string value that does not contain spaces.","","","","","","","","","",,,,,"",,,,"Element.id",0,1,"ele-1
","","n/a"
"ImagingSelection.instance.extension","ImagingSelection.instance.extension","","extensions
user content","",0,*,"","","","Extension {[]} {[]}
","Additional content defined by implementations","May be used to represent additional information that is not part of the basic definition of the element. To make the use of extensions safe and managable, there is a strict set of governance applied to the definition and use of extensions. Though any implementer can define an extension, there is a set of requirements that SHALL be met as part of the definition of the extension.","There can be no stigma associated with the use of extensions by any application, project, or standard - regardless of the institution or jurisdiction that uses or defines the extensions.  The use of extensions is what allows the FHIR specification to retain a core level of simplicity for everyone.","","","","","","","","",,,,,"",,,,"Element.extension",0,*,"","ele-1:All FHIR elements must have a @value or children {hasValue() or (children().count() > id.count())}
ext-1:Must have either extensions or value[x], not both {extension.exists() != value.exists()}","n/a"
"ImagingSelection.instance.modifierExtension","ImagingSelection.instance.modifierExtension","","extensions
user contentmodifiers","",0,*,"","Y","Y","Extension {[]} {[]}
","Extensions that cannot be ignored even if unrecognized","May be used to represent additional information that is not part of the basic definition of the element and that modifies the understanding of the element in which it is contained and/or the understanding of the containing element's descendants. Usually modifier elements provide negation or qualification. To make the use of extensions safe and managable, there is a strict set of governance applied to the definition and use of extensions. Though any implementer can define an extension, there is a set of requirements that SHALL be met as part of the definition of the extension. Applications processing a resource are required to check for modifier extensions.

Modifier extensions SHALL NOT change the meaning of any elements on Resource or DomainResource (including cannot change the meaning of modifierExtension itself).","There can be no stigma associated with the use of extensions by any application, project, or standard - regardless of the institution or jurisdiction that uses or defines the extensions.  The use of extensions is what allows the FHIR specification to retain a core level of simplicity for everyone.","Modifier extensions allow for extensions that *cannot* be safely ignored to be clearly distinguished from the vast majority of extensions which can be safely ignored.  This promotes interoperability by eliminating the need for implementers to prohibit the presence of extensions. For further information, see the [definition of modifier extensions](http://hl7.org/fhir/5.0.0-draft-final/extensibility.html#modifierExtension).","","","","","","","",,,,,"",,,,"BackboneElement.modifierExtension",0,*,"","ele-1:All FHIR elements must have a @value or children {hasValue() or (children().count() > id.count())}
ext-1:Must have either extensions or value[x], not both {extension.exists() != value.exists()}","N/A"
"ImagingSelection.instance.uid","ImagingSelection.instance.uid","","SOPInstanceUID
","",1,1,"","","Y","id {[]} {[]}
","DICOM SOP Instance UID","The SOP Instance UID for the selected DICOM instance.","See [DICOM PS3.3 C.12.1](http://dicom.nema.org/medical/dicom/current/output/chtml/part03/sect_C.12.html).","DICOM SOP Instance UID.","","","","","<valueId xmlns=""http://hl7.org/fhir"" value=""1.2.840.113747.20080222.12753225430534207568475333748793.1.1""/>","","",,,,,"",,,,"ImagingSelection.instance.uid",1,1,"","ele-1:All FHIR elements must have a @value or children {hasValue() or (children().count() > id.count())}
","SOP Instance UID (0008,0018)"
"ImagingSelection.instance.number","ImagingSelection.instance.number","","InstanceNumber
","",0,1,"","","Y","unsignedInt {[]} {[]}
","DICOM Instance Number","The Instance Number for the selected DICOM instance.","See [DICOM PS3.3 C.7.6.1](https://dicom.nema.org/medical/dicom/current/output/chtml/part03/sect_C.7.6.html#sect_C.7.6.1).
       Note: A multiframe instance has a single instance number with each frame identified by a frame number.","DICOM Instance Number.","","","","","","","",,,,,"",,,,"ImagingSelection.instance.number",0,1,"","ele-1:All FHIR elements must have a @value or children {hasValue() or (children().count() > id.count())}
","Instance Number (0020,0011)"
"ImagingSelection.instance.sopClass","ImagingSelection.instance.sopClass","","SOPClassUID
","",0,1,"","","","Coding {[]} {[]}
","DICOM SOP Class UID","The SOP Class UID for the selected DICOM instance.","See [DICOM PS3.3 C.12.1](http://dicom.nema.org/medical/dicom/current/output/chtml/part03/sect_C.12.html).","DICOM SOP Class UID.","","","","","<valueId xmlns=""http://hl7.org/fhir"" value=""1.2.840.10008.5.1.4.1.1.2""/>","","",,"extensible","DICOM SOP Classes.","http://dicom.nema.org/medical/dicom/current/output/chtml/part04/sect_B.5.html#table_B.5-1","",,,,"ImagingSelection.instance.sopClass",0,1,"","ele-1:All FHIR elements must have a @value or children {hasValue() or (children().count() > id.count())}
","SOP Class UID (0008,0016)"
"ImagingSelection.instance.subset","ImagingSelection.instance.subset","","","",0,*,"","","","string {[]} {[]}
","The selected subset of the SOP Instance","Selected subset of the SOP Instance. The content and format of the subset item is determined by the SOP Class of the selected instance.
       May be one of:
       - A list of frame numbers selected from a multiframe SOP Instance.
       - A list of Content Item Observation UID values selected from a DICOM SR or other structured document SOP Instance.
       - A list of segment numbers selected from a segmentation SOP Instance.
       - A list of Region of Interest (ROI) numbers selected from a radiotherapy structure set SOP Instance.","","","","","","","<valueString xmlns=""http://hl7.org/fhir"" value=""6""/>","","",,,,,"",,,,"ImagingSelection.instance.subset",0,*,"","ele-1:All FHIR elements must have a @value or children {hasValue() or (children().count() > id.count())}
"
"ImagingSelection.instance.imageRegion2D","ImagingSelection.instance.imageRegion2D","","","",0,*,"","","","BackboneElement {[]} {[]}
","A specific 2D region in a DICOM image / frame","Each imaging selection instance or frame list might includes an image region, specified by a region type and a set of 2D coordinates.
       If the parent imagingSelection.instance contains a subset element of type frame, the image region applies to all frames in the subset list.","","Shall not be present if the parent imagingSelection.instance is not an image.","","","","","","","",,,,,"",,,,"ImagingSelection.instance.imageRegion2D",0,*,"","ele-1:All FHIR elements must have a @value or children {hasValue() or (children().count() > id.count())}
"
"ImagingSelection.instance.imageRegion2D.id","ImagingSelection.instance.imageRegion2D.id","","","",0,1,"","","","string {[]} {[]}
","Unique id for inter-element referencing","Unique id for the element within a resource (for internal references). This may be any string value that does not contain spaces.","","","","","","","","","",,,,,"",,,,"Element.id",0,1,"ele-1
","","n/a"
"ImagingSelection.instance.imageRegion2D.extension","ImagingSelection.instance.imageRegion2D.extension","","extensions
user content","",0,*,"","","","Extension {[]} {[]}
","Additional content defined by implementations","May be used to represent additional information that is not part of the basic definition of the element. To make the use of extensions safe and managable, there is a strict set of governance applied to the definition and use of extensions. Though any implementer can define an extension, there is a set of requirements that SHALL be met as part of the definition of the extension.","There can be no stigma associated with the use of extensions by any application, project, or standard - regardless of the institution or jurisdiction that uses or defines the extensions.  The use of extensions is what allows the FHIR specification to retain a core level of simplicity for everyone.","","","","","","","","",,,,,"",,,,"Element.extension",0,*,"","ele-1:All FHIR elements must have a @value or children {hasValue() or (children().count() > id.count())}
ext-1:Must have either extensions or value[x], not both {extension.exists() != value.exists()}","n/a"
"ImagingSelection.instance.imageRegion2D.modifierExtension","ImagingSelection.instance.imageRegion2D.modifierExtension","","extensions
user contentmodifiers","",0,*,"","Y","Y","Extension {[]} {[]}
","Extensions that cannot be ignored even if unrecognized","May be used to represent additional information that is not part of the basic definition of the element and that modifies the understanding of the element in which it is contained and/or the understanding of the containing element's descendants. Usually modifier elements provide negation or qualification. To make the use of extensions safe and managable, there is a strict set of governance applied to the definition and use of extensions. Though any implementer can define an extension, there is a set of requirements that SHALL be met as part of the definition of the extension. Applications processing a resource are required to check for modifier extensions.

Modifier extensions SHALL NOT change the meaning of any elements on Resource or DomainResource (including cannot change the meaning of modifierExtension itself).","There can be no stigma associated with the use of extensions by any application, project, or standard - regardless of the institution or jurisdiction that uses or defines the extensions.  The use of extensions is what allows the FHIR specification to retain a core level of simplicity for everyone.","Modifier extensions allow for extensions that *cannot* be safely ignored to be clearly distinguished from the vast majority of extensions which can be safely ignored.  This promotes interoperability by eliminating the need for implementers to prohibit the presence of extensions. For further information, see the [definition of modifier extensions](http://hl7.org/fhir/5.0.0-draft-final/extensibility.html#modifierExtension).","","","","","","","",,,,,"",,,,"BackboneElement.modifierExtension",0,*,"","ele-1:All FHIR elements must have a @value or children {hasValue() or (children().count() > id.count())}
ext-1:Must have either extensions or value[x], not both {extension.exists() != value.exists()}","N/A"
"ImagingSelection.instance.imageRegion2D.regionType","ImagingSelection.instance.imageRegion2D.regionType","","GraphicType
","",1,1,"","","","code {[]} {[]}
","point | polyline | interpolated | circle | ellipse","Specifies the type of image region.","See [DICOM PS3.3 C.10.5.1.2](https://dicom.nema.org/medical/dicom/current/output/chtml/part03/sect_C.10.5.html#sect_C.10.5.1.2).","","","","","","","","",,"required","The type of image region.","http://hl7.org/fhir/ValueSet/imagingselection-2dgraphictype|5.0.0-draft-final","",,,,"ImagingSelection.instance.imageRegion2D.regionType",1,1,"","ele-1:All FHIR elements must have a @value or children {hasValue() or (children().count() > id.count())}
","Graphic Type (0070,0023)"
"ImagingSelection.instance.imageRegion2D.coordinate","ImagingSelection.instance.imageRegion2D.coordinate","","GraphicData
","",1,*,"","","","decimal {[]} {[]}
","Specifies the coordinates that define the image region","The coordinates describing the image region. Encoded as a set of (column, row) pairs that denote positions in the selected image / frames specified with sub-pixel resolution.
       The origin at the TLHC of the TLHC pixel is 0.0\0.0, the BRHC of the TLHC pixel is 1.0\1.0, and the BRHC of the BRHC pixel is the number of columns\rows in the image / frames. The values must be within the range 0\0 to the number of columns\rows in the image / frames.","For a description of how 2D coordinates are encoded, see [DICOM PS3.3 C.18.6](http://dicom.nema.org/medical/dicom/current/output/chtml/part03/sect_C.18.6.html).","The number of values must be a multiple of two.","","","","","","","",,,,,"",,,,"ImagingSelection.instance.imageRegion2D.coordinate",1,*,"","ele-1:All FHIR elements must have a @value or children {hasValue() or (children().count() > id.count())}
","Graphic Data (0070,0022)"
"ImagingSelection.instance.imageRegion3D","ImagingSelection.instance.imageRegion3D","","","",0,*,"","","","BackboneElement {[]} {[]}
","A specific 3D region in a DICOM frame of reference","Each imaging selection might includes a 3D image region, specified by a region type and a set of 3D coordinates.","","Requires that the ImagingSelection.frameOfReferenceUid element is present.","","","","","","","",,,,,"",,,,"ImagingSelection.instance.imageRegion3D",0,*,"","ele-1:All FHIR elements must have a @value or children {hasValue() or (children().count() > id.count())}
"
"ImagingSelection.instance.imageRegion3D.id","ImagingSelection.instance.imageRegion3D.id","","","",0,1,"","","","string {[]} {[]}
","Unique id for inter-element referencing","Unique id for the element within a resource (for internal references). This may be any string value that does not contain spaces.","","","","","","","","","",,,,,"",,,,"Element.id",0,1,"ele-1
","","n/a"
"ImagingSelection.instance.imageRegion3D.extension","ImagingSelection.instance.imageRegion3D.extension","","extensions
user content","",0,*,"","","","Extension {[]} {[]}
","Additional content defined by implementations","May be used to represent additional information that is not part of the basic definition of the element. To make the use of extensions safe and managable, there is a strict set of governance applied to the definition and use of extensions. Though any implementer can define an extension, there is a set of requirements that SHALL be met as part of the definition of the extension.","There can be no stigma associated with the use of extensions by any application, project, or standard - regardless of the institution or jurisdiction that uses or defines the extensions.  The use of extensions is what allows the FHIR specification to retain a core level of simplicity for everyone.","","","","","","","","",,,,,"",,,,"Element.extension",0,*,"","ele-1:All FHIR elements must have a @value or children {hasValue() or (children().count() > id.count())}
ext-1:Must have either extensions or value[x], not both {extension.exists() != value.exists()}","n/a"
"ImagingSelection.instance.imageRegion3D.modifierExtension","ImagingSelection.instance.imageRegion3D.modifierExtension","","extensions
user contentmodifiers","",0,*,"","Y","Y","Extension {[]} {[]}
","Extensions that cannot be ignored even if unrecognized","May be used to represent additional information that is not part of the basic definition of the element and that modifies the understanding of the element in which it is contained and/or the understanding of the containing element's descendants. Usually modifier elements provide negation or qualification. To make the use of extensions safe and managable, there is a strict set of governance applied to the definition and use of extensions. Though any implementer can define an extension, there is a set of requirements that SHALL be met as part of the definition of the extension. Applications processing a resource are required to check for modifier extensions.

Modifier extensions SHALL NOT change the meaning of any elements on Resource or DomainResource (including cannot change the meaning of modifierExtension itself).","There can be no stigma associated with the use of extensions by any application, project, or standard - regardless of the institution or jurisdiction that uses or defines the extensions.  The use of extensions is what allows the FHIR specification to retain a core level of simplicity for everyone.","Modifier extensions allow for extensions that *cannot* be safely ignored to be clearly distinguished from the vast majority of extensions which can be safely ignored.  This promotes interoperability by eliminating the need for implementers to prohibit the presence of extensions. For further information, see the [definition of modifier extensions](http://hl7.org/fhir/5.0.0-draft-final/extensibility.html#modifierExtension).","","","","","","","",,,,,"",,,,"BackboneElement.modifierExtension",0,*,"","ele-1:All FHIR elements must have a @value or children {hasValue() or (children().count() > id.count())}
ext-1:Must have either extensions or value[x], not both {extension.exists() != value.exists()}","N/A"
"ImagingSelection.instance.imageRegion3D.regionType","ImagingSelection.instance.imageRegion3D.regionType","","GraphicType
","",1,1,"","","","code {[]} {[]}
","point | multipoint | polyline | polygon | ellipse | ellipsoid","Specifies the type of image region.","See [DICOM PS3.3 C.18.9.1.2](http://dicom.nema.org/medical/dicom/current/output/chtml/part03/sect_C.18.9.html#sect_C.18.9.1.2).","","","","","","","","",,"required","The type of image region.","http://hl7.org/fhir/ValueSet/imagingselection-3dgraphictype|5.0.0-draft-final","",,,,"ImagingSelection.instance.imageRegion3D.regionType",1,1,"","ele-1:All FHIR elements must have a @value or children {hasValue() or (children().count() > id.count())}
","Graphic Type (0070,0023)"
"ImagingSelection.instance.imageRegion3D.coordinate","ImagingSelection.instance.imageRegion3D.coordinate","","GraphicData
","",1,*,"","","","decimal {[]} {[]}
","Specifies the coordinates that define the image region","The coordinates describing the image region. Encoded as an ordered set of (x,y,z) triplets (in mm and may be negative) that define a region of interest in the patient-relative Reference Coordinate System defined by ImagingSelection.frameOfReferenceUid element.","For a description of how 3D coordinates are encoded, see [DICOM PS3.3 C.18.9](http://dicom.nema.org/medical/dicom/current/output/chtml/part03/sect_C.18.9.html).","The number of values must be a multiple of three.","","","","","","","",,,,,"",,,,"ImagingSelection.instance.imageRegion3D.coordinate",1,*,"","ele-1:All FHIR elements must have a @value or children {hasValue() or (children().count() > id.count())}
","Graphic Data (0070,0022)"
