"Id","Path","Slice Name","Alias(s)","Label","Min","Max","Must Support?","Is Modifier?","Is Summary?","Type(s)","Short","Definition","Comments","Requirements","Default Value","Meaning When Missing","Fixed Value","Pattern","Example","Minimum Value","Maximum Value","Maximum Length","Binding Strength","Binding Description","Binding Value Set","Code","Slicing Discriminator","Slicing Description","Slicing Ordered","Slicing Rules","Base Path","Base Min","Base Max","Condition(s)","Constraint(s)","Mapping: HL7 v2 Mapping","Mapping: RIM Mapping","Mapping: FiveWs Pattern Mapping"
"Parameters","Parameters","","","",0,*,"","","","null {[]} {[]}
","Parameter containing subscription status information","This resource is a non-persisted resource used to pass information into and back from an [operation](http://hl7.org/fhir/R4/operations.html). It has no other use, and there is no RESTful endpoint associated with it.","The parameters that may be used are defined by the OperationDefinition resource.","","","","","","","","",,,,,"",,,,"Parameters",0,*,"","","n/a","Entity. Role, or Act","n/a","infrastructure.exchange"
"Parameters.id","Parameters.id","","","",0,1,"","","Y","id {[]} {[]}
","Logical id of this artifact","The logical id of the resource, as used in the URL for the resource. Once assigned, this value never changes.","The only time that a resource does not have an id is when it is being submitted to the server using a create operation.","","","","","","","","",,,,,"",,,,"Resource.id",0,1,"",""
"Parameters.meta","Parameters.meta","","","",0,1,"","","Y","Meta {[]} {[]}
","Metadata about the resource","The metadata about the resource. This is content that is maintained by the infrastructure. Changes to the content might not always be associated with version changes to the resource.","","","","","","","","","",,,,,"",,,,"Resource.meta",0,1,"","ele-1:All FHIR elements must have a @value or children {hasValue() or (children().count() > id.count())}
"
"Parameters.implicitRules","Parameters.implicitRules","","","",0,1,"","Y","Y","uri {[]} {[]}
","A set of rules under which this content was created","A reference to a set of rules that were followed when the resource was constructed, and which must be understood when processing the content. Often, this is a reference to an implementation guide that defines the special rules along with other profiles etc.","Asserting this rule set restricts the content to be only understood by a limited set of trading partners. This inherently limits the usefulness of the data in the long term. However, the existing health eco-system is highly fractured, and not yet ready to define, collect, and exchange data in a generally computable sense. Wherever possible, implementers and/or specification writers should avoid using this element. Often, when used, the URL is a reference to an implementation guide that defines these special rules as part of it's narrative along with other profiles, value sets, etc.","","","","","","","","",,,,,"",,,,"Resource.implicitRules",0,1,"","ele-1:All FHIR elements must have a @value or children {hasValue() or (children().count() > id.count())}
"
"Parameters.language","Parameters.language","","","",0,1,"","","","code {[]} {[]}
","Language of the resource content","The base language in which the resource is written.","Language is provided to support indexing and accessibility (typically, services such as text to speech use the language tag). The html language tag in the narrative applies  to the narrative. The language tag on the resource may be used to specify the language of other presentations generated from the data in the resource. Not all the content has to be in the base language. The Resource.language should not be assumed to apply to the narrative automatically. If a language is specified, it should it also be specified on the div element in the html (see rules in HTML5 for information about the relationship between xml:lang and the html lang attribute).","","","","","","","","",,"preferred","IETF language tag","http://hl7.org/fhir/ValueSet/languages","",,,,"Resource.language",0,1,"","ele-1:All FHIR elements must have a @value or children {hasValue() or (children().count() > id.count())}
"
"Parameters.parameter","Parameters.parameter","","","",3,*,"","","Y","BackboneElement {[]} {[]}
","Slices containing subscription status information","A parameter passed to or received from the operation.","","","","","","","","","",,,,,"","value:name}
","Slice on parameter name",,"open","Parameters.parameter",0,*,"","ele-1:All FHIR elements must have a @value or children unless an empty Parameters resource {hasValue() or (children().count() > id.count()) or $this is Parameters}
inv-1:A parameter must have one and only one of (value, resource, part) {(part.exists() and value.empty() and resource.empty()) or (part.empty() and (value.exists() xor resource.exists()))}"
"Parameters.parameter.id","Parameters.parameter.id","","","",0,1,"","","","string {[]} {[]}
","Unique id for inter-element referencing","Unique id for the element within a resource (for internal references). This may be any string value that does not contain spaces.","","","","","","","","","",,,,,"",,,,"Element.id",0,1,"","","n/a"
"Parameters.parameter.extension","Parameters.parameter.extension","","extensions
user content","",0,*,"","","","Extension {[]} {[]}
","Additional content defined by implementations","May be used to represent additional information that is not part of the basic definition of the element. To make the use of extensions safe and manageable, there is a strict set of governance  applied to the definition and use of extensions. Though any implementer can define an extension, there is a set of requirements that SHALL be met as part of the definition of the extension.","There can be no stigma associated with the use of extensions by any application, project, or standard - regardless of the institution or jurisdiction that uses or defines the extensions.  The use of extensions is what allows the FHIR specification to retain a core level of simplicity for everyone.","","","","","","","","",,,,,"",,,,"Element.extension",0,*,"","ele-1:All FHIR elements must have a @value or children {hasValue() or (children().count() > id.count())}
ext-1:Must have either extensions or value[x], not both {extension.exists() != value.exists()}","n/a"
"Parameters.parameter.modifierExtension","Parameters.parameter.modifierExtension","","extensions
user contentmodifiers","",0,*,"","Y","Y","Extension {[]} {[]}
","Extensions that cannot be ignored even if unrecognized","May be used to represent additional information that is not part of the basic definition of the element and that modifies the understanding of the element in which it is contained and/or the understanding of the containing element's descendants. Usually modifier elements provide negation or qualification. To make the use of extensions safe and manageable, there is a strict set of governance applied to the definition and use of extensions. Though any implementer can define an extension, there is a set of requirements that SHALL be met as part of the definition of the extension. Applications processing a resource are required to check for modifier extensions.

Modifier extensions SHALL NOT change the meaning of any elements on Resource or DomainResource (including cannot change the meaning of modifierExtension itself).","There can be no stigma associated with the use of extensions by any application, project, or standard - regardless of the institution or jurisdiction that uses or defines the extensions.  The use of extensions is what allows the FHIR specification to retain a core level of simplicity for everyone.","Modifier extensions allow for extensions that *cannot* be safely ignored to be clearly distinguished from the vast majority of extensions which can be safely ignored.  This promotes interoperability by eliminating the need for implementers to prohibit the presence of extensions. For further information, see the [definition of modifier extensions](http://hl7.org/fhir/R4/extensibility.html#modifierExtension).","","","","","","","",,,,,"",,,,"BackboneElement.modifierExtension",0,*,"","ele-1:All FHIR elements must have a @value or children {hasValue() or (children().count() > id.count())}
ext-1:Must have either extensions or value[x], not both {extension.exists() != value.exists()}","N/A"
"Parameters.parameter.name","Parameters.parameter.name","","","",1,1,"","","Y","string {[]} {[]}
","Name from the definition","The name of the parameter (reference to the operation definition).","","","","","","","","","",,,,,"",,,,"Parameters.parameter.name",1,1,"","ele-1:All FHIR elements must have a @value or children {hasValue() or (children().count() > id.count())}
"
"Parameters.parameter.value[x]","Parameters.parameter.value[x]","","","",0,1,"","","Y","base64Binary {[]} {[]}
boolean {[]} {[]}canonical {[]} {[]}code {[]} {[]}date {[]} {[]}dateTime {[]} {[]}decimal {[]} {[]}id {[]} {[]}instant {[]} {[]}integer {[]} {[]}markdown {[]} {[]}oid {[]} {[]}positiveInt {[]} {[]}string {[]} {[]}time {[]} {[]}unsignedInt {[]} {[]}uri {[]} {[]}url {[]} {[]}uuid {[]} {[]}Address {[]} {[]}Age {[]} {[]}Annotation {[]} {[]}Attachment {[]} {[]}CodeableConcept {[]} {[]}Coding {[]} {[]}ContactPoint {[]} {[]}Count {[]} {[]}Distance {[]} {[]}Duration {[]} {[]}HumanName {[]} {[]}Identifier {[]} {[]}Money {[]} {[]}Period {[]} {[]}Quantity {[]} {[]}Range {[]} {[]}Ratio {[]} {[]}Reference {[]} {[]}SampledData {[]} {[]}Signature {[]} {[]}Timing {[]} {[]}ContactDetail {[]} {[]}Contributor {[]} {[]}DataRequirement {[]} {[]}Expression {[]} {[]}ParameterDefinition {[]} {[]}RelatedArtifact {[]} {[]}TriggerDefinition {[]} {[]}UsageContext {[]} {[]}Dosage {[]} {[]}Meta {[]} {[]}","If parameter is a data type","Conveys the content if the parameter is a data type.","","","","","","","","","",,,,,"",,,,"Parameters.parameter.value[x]",0,1,"inv-1
","ele-1:All FHIR elements must have a @value or children {hasValue() or (children().count() > id.count())}
"
"Parameters.parameter.resource","Parameters.parameter.resource","","","",0,1,"","","Y","Resource {[]} {[]}
","If parameter is a whole resource","If the parameter is a whole resource.","When resolving references in resources, the operation definition may specify how references may be resolved between parameters. If a reference cannot be resolved between the parameters, the application should fall back to it's general resource resolution methods.","","","","","","","","",,,,,"",,,,"Parameters.parameter.resource",0,1,"inv-1
",""
"Parameters.parameter.part","Parameters.parameter.part","","","",0,*,"","","Y","null {[]} {[]}
","Named part of a multi-part parameter","A named part of a multi-part parameter.","Only one level of nested parameters is allowed.","","","","","","","","",,,,,"",,,,"Parameters.parameter.part",0,*,"","ele-1:All FHIR elements must have a @value or children {hasValue() or (children().count() > id.count())}
"
"Parameters.parameter:subscription","Parameters.parameter","subscription","","",1,1,"Y","","Y","BackboneElement {[]} {[]}
","Parameter containing the reference to a subscription","A parameter passed to or received from the operation.","","","","","","","","","",,,,,"",,,,"Parameters.parameter",0,*,"","ele-1:All FHIR elements must have a @value or children unless an empty Parameters resource {hasValue() or (children().count() > id.count()) or $this is Parameters}
inv-1:A parameter must have one and only one of (value, resource, part) {(part.exists() and value.empty() and resource.empty()) or (part.empty() and (value.exists() xor resource.exists()))}"
"Parameters.parameter:subscription.id","Parameters.parameter.id","","","",0,1,"","","","string {[]} {[]}
","Unique id for inter-element referencing","Unique id for the element within a resource (for internal references). This may be any string value that does not contain spaces.","","","","","","","","","",,,,,"",,,,"Element.id",0,1,"","","n/a"
"Parameters.parameter:subscription.extension","Parameters.parameter.extension","","extensions
user content","",0,*,"","","","Extension {[]} {[]}
","Additional content defined by implementations","May be used to represent additional information that is not part of the basic definition of the element. To make the use of extensions safe and manageable, there is a strict set of governance  applied to the definition and use of extensions. Though any implementer can define an extension, there is a set of requirements that SHALL be met as part of the definition of the extension.","There can be no stigma associated with the use of extensions by any application, project, or standard - regardless of the institution or jurisdiction that uses or defines the extensions.  The use of extensions is what allows the FHIR specification to retain a core level of simplicity for everyone.","","","","","","","","",,,,,"",,,,"Element.extension",0,*,"","ele-1:All FHIR elements must have a @value or children {hasValue() or (children().count() > id.count())}
ext-1:Must have either extensions or value[x], not both {extension.exists() != value.exists()}","n/a"
"Parameters.parameter:subscription.modifierExtension","Parameters.parameter.modifierExtension","","extensions
user contentmodifiers","",0,*,"","Y","Y","Extension {[]} {[]}
","Extensions that cannot be ignored even if unrecognized","May be used to represent additional information that is not part of the basic definition of the element and that modifies the understanding of the element in which it is contained and/or the understanding of the containing element's descendants. Usually modifier elements provide negation or qualification. To make the use of extensions safe and manageable, there is a strict set of governance applied to the definition and use of extensions. Though any implementer can define an extension, there is a set of requirements that SHALL be met as part of the definition of the extension. Applications processing a resource are required to check for modifier extensions.

Modifier extensions SHALL NOT change the meaning of any elements on Resource or DomainResource (including cannot change the meaning of modifierExtension itself).","There can be no stigma associated with the use of extensions by any application, project, or standard - regardless of the institution or jurisdiction that uses or defines the extensions.  The use of extensions is what allows the FHIR specification to retain a core level of simplicity for everyone.","Modifier extensions allow for extensions that *cannot* be safely ignored to be clearly distinguished from the vast majority of extensions which can be safely ignored.  This promotes interoperability by eliminating the need for implementers to prohibit the presence of extensions. For further information, see the [definition of modifier extensions](http://hl7.org/fhir/R4/extensibility.html#modifierExtension).","","","","","","","",,,,,"",,,,"BackboneElement.modifierExtension",0,*,"","ele-1:All FHIR elements must have a @value or children {hasValue() or (children().count() > id.count())}
ext-1:Must have either extensions or value[x], not both {extension.exists() != value.exists()}","N/A"
"Parameters.parameter:subscription.name","Parameters.parameter.name","","","",1,1,"","","Y","string {[]} {[]}
","Slice discriminator: the reference to a subscription","The name of the parameter (reference to the operation definition).","","","","","<valueString xmlns=""http://hl7.org/fhir"" value=""subscription""/>","","","","",,,,,"",,,,"Parameters.parameter.name",1,1,"","ele-1:All FHIR elements must have a @value or children {hasValue() or (children().count() > id.count())}
"
"Parameters.parameter:subscription.value[x]","Parameters.parameter.value[x]","","","",1,1,"Y","","Y","Reference {[]} {[CanonicalType[http://hl7.org/fhir/StructureDefinition/Subscription]]}
","Reference to the Subscription responsible for this notification","The reference to the Subscription which generated this notification.","","","","","","","","","",,,,,"",,,,"Parameters.parameter.value[x]",0,1,"inv-1
","ele-1:All FHIR elements must have a @value or children {hasValue() or (children().count() > id.count())}
"
"Parameters.parameter:subscription.resource","Parameters.parameter.resource","","","",0,1,"","","Y","Resource {[]} {[]}
","If parameter is a whole resource","If the parameter is a whole resource.","When resolving references in resources, the operation definition may specify how references may be resolved between parameters. If a reference cannot be resolved between the parameters, the application should fall back to it's general resource resolution methods.","","","","","","","","",,,,,"",,,,"Parameters.parameter.resource",0,1,"inv-1
",""
"Parameters.parameter:subscription.part","Parameters.parameter.part","","","",0,*,"","","Y","null {[]} {[]}
","Named part of a multi-part parameter","A named part of a multi-part parameter.","Only one level of nested parameters is allowed.","","","","","","","","",,,,,"",,,,"Parameters.parameter.part",0,*,"","ele-1:All FHIR elements must have a @value or children {hasValue() or (children().count() > id.count())}
"
"Parameters.parameter:topic","Parameters.parameter","topic","","",0,1,"Y","","Y","BackboneElement {[]} {[]}
","Parameter containing the canonical reference to a subscription topic","A parameter passed to or received from the operation.","","","","","","","","","",,,,,"",,,,"Parameters.parameter",0,*,"","ele-1:All FHIR elements must have a @value or children unless an empty Parameters resource {hasValue() or (children().count() > id.count()) or $this is Parameters}
inv-1:A parameter must have one and only one of (value, resource, part) {(part.exists() and value.empty() and resource.empty()) or (part.empty() and (value.exists() xor resource.exists()))}"
"Parameters.parameter:topic.id","Parameters.parameter.id","","","",0,1,"","","","string {[]} {[]}
","Unique id for inter-element referencing","Unique id for the element within a resource (for internal references). This may be any string value that does not contain spaces.","","","","","","","","","",,,,,"",,,,"Element.id",0,1,"","","n/a"
"Parameters.parameter:topic.extension","Parameters.parameter.extension","","extensions
user content","",0,*,"","","","Extension {[]} {[]}
","Additional content defined by implementations","May be used to represent additional information that is not part of the basic definition of the element. To make the use of extensions safe and manageable, there is a strict set of governance  applied to the definition and use of extensions. Though any implementer can define an extension, there is a set of requirements that SHALL be met as part of the definition of the extension.","There can be no stigma associated with the use of extensions by any application, project, or standard - regardless of the institution or jurisdiction that uses or defines the extensions.  The use of extensions is what allows the FHIR specification to retain a core level of simplicity for everyone.","","","","","","","","",,,,,"",,,,"Element.extension",0,*,"","ele-1:All FHIR elements must have a @value or children {hasValue() or (children().count() > id.count())}
ext-1:Must have either extensions or value[x], not both {extension.exists() != value.exists()}","n/a"
"Parameters.parameter:topic.modifierExtension","Parameters.parameter.modifierExtension","","extensions
user contentmodifiers","",0,*,"","Y","Y","Extension {[]} {[]}
","Extensions that cannot be ignored even if unrecognized","May be used to represent additional information that is not part of the basic definition of the element and that modifies the understanding of the element in which it is contained and/or the understanding of the containing element's descendants. Usually modifier elements provide negation or qualification. To make the use of extensions safe and manageable, there is a strict set of governance applied to the definition and use of extensions. Though any implementer can define an extension, there is a set of requirements that SHALL be met as part of the definition of the extension. Applications processing a resource are required to check for modifier extensions.

Modifier extensions SHALL NOT change the meaning of any elements on Resource or DomainResource (including cannot change the meaning of modifierExtension itself).","There can be no stigma associated with the use of extensions by any application, project, or standard - regardless of the institution or jurisdiction that uses or defines the extensions.  The use of extensions is what allows the FHIR specification to retain a core level of simplicity for everyone.","Modifier extensions allow for extensions that *cannot* be safely ignored to be clearly distinguished from the vast majority of extensions which can be safely ignored.  This promotes interoperability by eliminating the need for implementers to prohibit the presence of extensions. For further information, see the [definition of modifier extensions](http://hl7.org/fhir/R4/extensibility.html#modifierExtension).","","","","","","","",,,,,"",,,,"BackboneElement.modifierExtension",0,*,"","ele-1:All FHIR elements must have a @value or children {hasValue() or (children().count() > id.count())}
ext-1:Must have either extensions or value[x], not both {extension.exists() != value.exists()}","N/A"
"Parameters.parameter:topic.name","Parameters.parameter.name","","","",1,1,"","","Y","string {[]} {[]}
","Slice discriminator: the canonical reference to a subscription topic","The name of the parameter (reference to the operation definition).","","","","","<valueString xmlns=""http://hl7.org/fhir"" value=""topic""/>","","","","",,,,,"",,,,"Parameters.parameter.name",1,1,"","ele-1:All FHIR elements must have a @value or children {hasValue() or (children().count() > id.count())}
"
"Parameters.parameter:topic.value[x]","Parameters.parameter.value[x]","","","",0,1,"Y","","Y","canonical {[]} {[]}
","Canonical reference to the SubscriptionTopic this notification relates to","Canonical reference to the SubscriptionTopic for the Subscription which generated this notification.","This value SHOULD NOT be present when using `empty` payloads, MAY be present when using id-only payloads, and SHOULD be present when using `full-resource` payloads.","","","","","","","","",,,,,"",,,,"Parameters.parameter.value[x]",0,1,"inv-1
","ele-1:All FHIR elements must have a @value or children {hasValue() or (children().count() > id.count())}
"
"Parameters.parameter:topic.resource","Parameters.parameter.resource","","","",0,1,"","","Y","Resource {[]} {[]}
","If parameter is a whole resource","If the parameter is a whole resource.","When resolving references in resources, the operation definition may specify how references may be resolved between parameters. If a reference cannot be resolved between the parameters, the application should fall back to it's general resource resolution methods.","","","","","","","","",,,,,"",,,,"Parameters.parameter.resource",0,1,"inv-1
",""
"Parameters.parameter:topic.part","Parameters.parameter.part","","","",0,*,"","","Y","null {[]} {[]}
","Named part of a multi-part parameter","A named part of a multi-part parameter.","Only one level of nested parameters is allowed.","","","","","","","","",,,,,"",,,,"Parameters.parameter.part",0,*,"","ele-1:All FHIR elements must have a @value or children {hasValue() or (children().count() > id.count())}
"
"Parameters.parameter:status","Parameters.parameter","status","","",1,1,"Y","","Y","BackboneElement {[]} {[]}
","Parameter containing the subscription status","A parameter passed to or received from the operation.","","","","","","","","","",,,,,"",,,,"Parameters.parameter",0,*,"","ele-1:All FHIR elements must have a @value or children unless an empty Parameters resource {hasValue() or (children().count() > id.count()) or $this is Parameters}
inv-1:A parameter must have one and only one of (value, resource, part) {(part.exists() and value.empty() and resource.empty()) or (part.empty() and (value.exists() xor resource.exists()))}"
"Parameters.parameter:status.id","Parameters.parameter.id","","","",0,1,"","","","string {[]} {[]}
","Unique id for inter-element referencing","Unique id for the element within a resource (for internal references). This may be any string value that does not contain spaces.","","","","","","","","","",,,,,"",,,,"Element.id",0,1,"","","n/a"
"Parameters.parameter:status.extension","Parameters.parameter.extension","","extensions
user content","",0,*,"","","","Extension {[]} {[]}
","Additional content defined by implementations","May be used to represent additional information that is not part of the basic definition of the element. To make the use of extensions safe and manageable, there is a strict set of governance  applied to the definition and use of extensions. Though any implementer can define an extension, there is a set of requirements that SHALL be met as part of the definition of the extension.","There can be no stigma associated with the use of extensions by any application, project, or standard - regardless of the institution or jurisdiction that uses or defines the extensions.  The use of extensions is what allows the FHIR specification to retain a core level of simplicity for everyone.","","","","","","","","",,,,,"",,,,"Element.extension",0,*,"","ele-1:All FHIR elements must have a @value or children {hasValue() or (children().count() > id.count())}
ext-1:Must have either extensions or value[x], not both {extension.exists() != value.exists()}","n/a"
"Parameters.parameter:status.modifierExtension","Parameters.parameter.modifierExtension","","extensions
user contentmodifiers","",0,*,"","Y","Y","Extension {[]} {[]}
","Extensions that cannot be ignored even if unrecognized","May be used to represent additional information that is not part of the basic definition of the element and that modifies the understanding of the element in which it is contained and/or the understanding of the containing element's descendants. Usually modifier elements provide negation or qualification. To make the use of extensions safe and manageable, there is a strict set of governance applied to the definition and use of extensions. Though any implementer can define an extension, there is a set of requirements that SHALL be met as part of the definition of the extension. Applications processing a resource are required to check for modifier extensions.

Modifier extensions SHALL NOT change the meaning of any elements on Resource or DomainResource (including cannot change the meaning of modifierExtension itself).","There can be no stigma associated with the use of extensions by any application, project, or standard - regardless of the institution or jurisdiction that uses or defines the extensions.  The use of extensions is what allows the FHIR specification to retain a core level of simplicity for everyone.","Modifier extensions allow for extensions that *cannot* be safely ignored to be clearly distinguished from the vast majority of extensions which can be safely ignored.  This promotes interoperability by eliminating the need for implementers to prohibit the presence of extensions. For further information, see the [definition of modifier extensions](http://hl7.org/fhir/R4/extensibility.html#modifierExtension).","","","","","","","",,,,,"",,,,"BackboneElement.modifierExtension",0,*,"","ele-1:All FHIR elements must have a @value or children {hasValue() or (children().count() > id.count())}
ext-1:Must have either extensions or value[x], not both {extension.exists() != value.exists()}","N/A"
"Parameters.parameter:status.name","Parameters.parameter.name","","","",1,1,"","","Y","string {[]} {[]}
","Slice discriminator: the subscription status","The name of the parameter (reference to the operation definition).","","","","","<valueString xmlns=""http://hl7.org/fhir"" value=""status""/>","","","","",,,,,"",,,,"Parameters.parameter.name",1,1,"","ele-1:All FHIR elements must have a @value or children {hasValue() or (children().count() > id.count())}
"
"Parameters.parameter:status.value[x]","Parameters.parameter.value[x]","","","",1,1,"Y","","Y","code {[]} {[]}
","Status of the subscription when this notification was generated","The status of the subscription, which marks the server state for managing the subscription.","","","","","","<valueCode xmlns=""http://hl7.org/fhir"" value=""off""/>","","","",,"required","","http://hl7.org/fhir/ValueSet/subscription-status","",,,,"Parameters.parameter.value[x]",0,1,"inv-1
","ele-1:All FHIR elements must have a @value or children {hasValue() or (children().count() > id.count())}
"
"Parameters.parameter:status.resource","Parameters.parameter.resource","","","",0,1,"","","Y","Resource {[]} {[]}
","If parameter is a whole resource","If the parameter is a whole resource.","When resolving references in resources, the operation definition may specify how references may be resolved between parameters. If a reference cannot be resolved between the parameters, the application should fall back to it's general resource resolution methods.","","","","","","","","",,,,,"",,,,"Parameters.parameter.resource",0,1,"inv-1
",""
"Parameters.parameter:status.part","Parameters.parameter.part","","","",0,*,"","","Y","null {[]} {[]}
","Named part of a multi-part parameter","A named part of a multi-part parameter.","Only one level of nested parameters is allowed.","","","","","","","","",,,,,"",,,,"Parameters.parameter.part",0,*,"","ele-1:All FHIR elements must have a @value or children {hasValue() or (children().count() > id.count())}
"
"Parameters.parameter:type","Parameters.parameter","type","","",1,1,"Y","","Y","BackboneElement {[]} {[]}
","Parameter containing the type of event for this notification","A parameter passed to or received from the operation.","","","","","","","","","",,,,,"",,,,"Parameters.parameter",0,*,"","ele-1:All FHIR elements must have a @value or children unless an empty Parameters resource {hasValue() or (children().count() > id.count()) or $this is Parameters}
inv-1:A parameter must have one and only one of (value, resource, part) {(part.exists() and value.empty() and resource.empty()) or (part.empty() and (value.exists() xor resource.exists()))}"
"Parameters.parameter:type.id","Parameters.parameter.id","","","",0,1,"","","","string {[]} {[]}
","Unique id for inter-element referencing","Unique id for the element within a resource (for internal references). This may be any string value that does not contain spaces.","","","","","","","","","",,,,,"",,,,"Element.id",0,1,"","","n/a"
"Parameters.parameter:type.extension","Parameters.parameter.extension","","extensions
user content","",0,*,"","","","Extension {[]} {[]}
","Additional content defined by implementations","May be used to represent additional information that is not part of the basic definition of the element. To make the use of extensions safe and manageable, there is a strict set of governance  applied to the definition and use of extensions. Though any implementer can define an extension, there is a set of requirements that SHALL be met as part of the definition of the extension.","There can be no stigma associated with the use of extensions by any application, project, or standard - regardless of the institution or jurisdiction that uses or defines the extensions.  The use of extensions is what allows the FHIR specification to retain a core level of simplicity for everyone.","","","","","","","","",,,,,"",,,,"Element.extension",0,*,"","ele-1:All FHIR elements must have a @value or children {hasValue() or (children().count() > id.count())}
ext-1:Must have either extensions or value[x], not both {extension.exists() != value.exists()}","n/a"
"Parameters.parameter:type.modifierExtension","Parameters.parameter.modifierExtension","","extensions
user contentmodifiers","",0,*,"","Y","Y","Extension {[]} {[]}
","Extensions that cannot be ignored even if unrecognized","May be used to represent additional information that is not part of the basic definition of the element and that modifies the understanding of the element in which it is contained and/or the understanding of the containing element's descendants. Usually modifier elements provide negation or qualification. To make the use of extensions safe and manageable, there is a strict set of governance applied to the definition and use of extensions. Though any implementer can define an extension, there is a set of requirements that SHALL be met as part of the definition of the extension. Applications processing a resource are required to check for modifier extensions.

Modifier extensions SHALL NOT change the meaning of any elements on Resource or DomainResource (including cannot change the meaning of modifierExtension itself).","There can be no stigma associated with the use of extensions by any application, project, or standard - regardless of the institution or jurisdiction that uses or defines the extensions.  The use of extensions is what allows the FHIR specification to retain a core level of simplicity for everyone.","Modifier extensions allow for extensions that *cannot* be safely ignored to be clearly distinguished from the vast majority of extensions which can be safely ignored.  This promotes interoperability by eliminating the need for implementers to prohibit the presence of extensions. For further information, see the [definition of modifier extensions](http://hl7.org/fhir/R4/extensibility.html#modifierExtension).","","","","","","","",,,,,"",,,,"BackboneElement.modifierExtension",0,*,"","ele-1:All FHIR elements must have a @value or children {hasValue() or (children().count() > id.count())}
ext-1:Must have either extensions or value[x], not both {extension.exists() != value.exists()}","N/A"
"Parameters.parameter:type.name","Parameters.parameter.name","","","",1,1,"","","Y","string {[]} {[]}
","Slice discriminator: the type of event for this notification","The name of the parameter (reference to the operation definition).","","","","","<valueString xmlns=""http://hl7.org/fhir"" value=""type""/>","","","","",,,,,"",,,,"Parameters.parameter.name",1,1,"","ele-1:All FHIR elements must have a @value or children {hasValue() or (children().count() > id.count())}
"
"Parameters.parameter:type.value[x]","Parameters.parameter.value[x]","","","",1,1,"Y","","Y","code {[]} {[]}
","The type of event being conveyed with this notificaiton.","Conveys the content if the parameter is a data type.","","","","","","<valueCode xmlns=""http://hl7.org/fhir"" value=""event-notification""/>","","","",,"required","","http://hl7.org/fhir/ValueSet/subscription-notification-type","",,,,"Parameters.parameter.value[x]",0,1,"inv-1
","ele-1:All FHIR elements must have a @value or children {hasValue() or (children().count() > id.count())}
"
"Parameters.parameter:type.resource","Parameters.parameter.resource","","","",0,1,"","","Y","Resource {[]} {[]}
","If parameter is a whole resource","If the parameter is a whole resource.","When resolving references in resources, the operation definition may specify how references may be resolved between parameters. If a reference cannot be resolved between the parameters, the application should fall back to it's general resource resolution methods.","","","","","","","","",,,,,"",,,,"Parameters.parameter.resource",0,1,"inv-1
",""
"Parameters.parameter:type.part","Parameters.parameter.part","","","",0,*,"","","Y","null {[]} {[]}
","Named part of a multi-part parameter","A named part of a multi-part parameter.","Only one level of nested parameters is allowed.","","","","","","","","",,,,,"",,,,"Parameters.parameter.part",0,*,"","ele-1:All FHIR elements must have a @value or children {hasValue() or (children().count() > id.count())}
"
"Parameters.parameter:eventsSinceSubscriptionStart","Parameters.parameter","eventsSinceSubscriptionStart","","",0,1,"Y","","Y","BackboneElement {[]} {[]}
","Parameter containing the number of events since this subscription started","A parameter passed to or received from the operation.","","","","","","","","","",,,,,"",,,,"Parameters.parameter",0,*,"","ele-1:All FHIR elements must have a @value or children unless an empty Parameters resource {hasValue() or (children().count() > id.count()) or $this is Parameters}
inv-1:A parameter must have one and only one of (value, resource, part) {(part.exists() and value.empty() and resource.empty()) or (part.empty() and (value.exists() xor resource.exists()))}"
"Parameters.parameter:eventsSinceSubscriptionStart.id","Parameters.parameter.id","","","",0,1,"","","","string {[]} {[]}
","Unique id for inter-element referencing","Unique id for the element within a resource (for internal references). This may be any string value that does not contain spaces.","","","","","","","","","",,,,,"",,,,"Element.id",0,1,"","","n/a"
"Parameters.parameter:eventsSinceSubscriptionStart.extension","Parameters.parameter.extension","","extensions
user content","",0,*,"","","","Extension {[]} {[]}
","Additional content defined by implementations","May be used to represent additional information that is not part of the basic definition of the element. To make the use of extensions safe and manageable, there is a strict set of governance  applied to the definition and use of extensions. Though any implementer can define an extension, there is a set of requirements that SHALL be met as part of the definition of the extension.","There can be no stigma associated with the use of extensions by any application, project, or standard - regardless of the institution or jurisdiction that uses or defines the extensions.  The use of extensions is what allows the FHIR specification to retain a core level of simplicity for everyone.","","","","","","","","",,,,,"",,,,"Element.extension",0,*,"","ele-1:All FHIR elements must have a @value or children {hasValue() or (children().count() > id.count())}
ext-1:Must have either extensions or value[x], not both {extension.exists() != value.exists()}","n/a"
"Parameters.parameter:eventsSinceSubscriptionStart.modifierExtension","Parameters.parameter.modifierExtension","","extensions
user contentmodifiers","",0,*,"","Y","Y","Extension {[]} {[]}
","Extensions that cannot be ignored even if unrecognized","May be used to represent additional information that is not part of the basic definition of the element and that modifies the understanding of the element in which it is contained and/or the understanding of the containing element's descendants. Usually modifier elements provide negation or qualification. To make the use of extensions safe and manageable, there is a strict set of governance applied to the definition and use of extensions. Though any implementer can define an extension, there is a set of requirements that SHALL be met as part of the definition of the extension. Applications processing a resource are required to check for modifier extensions.

Modifier extensions SHALL NOT change the meaning of any elements on Resource or DomainResource (including cannot change the meaning of modifierExtension itself).","There can be no stigma associated with the use of extensions by any application, project, or standard - regardless of the institution or jurisdiction that uses or defines the extensions.  The use of extensions is what allows the FHIR specification to retain a core level of simplicity for everyone.","Modifier extensions allow for extensions that *cannot* be safely ignored to be clearly distinguished from the vast majority of extensions which can be safely ignored.  This promotes interoperability by eliminating the need for implementers to prohibit the presence of extensions. For further information, see the [definition of modifier extensions](http://hl7.org/fhir/R4/extensibility.html#modifierExtension).","","","","","","","",,,,,"",,,,"BackboneElement.modifierExtension",0,*,"","ele-1:All FHIR elements must have a @value or children {hasValue() or (children().count() > id.count())}
ext-1:Must have either extensions or value[x], not both {extension.exists() != value.exists()}","N/A"
"Parameters.parameter:eventsSinceSubscriptionStart.name","Parameters.parameter.name","","","",1,1,"","","Y","string {[]} {[]}
","Slice discriminator: the number of events since this subscription started","The name of the parameter (reference to the operation definition).","","","","","<valueString xmlns=""http://hl7.org/fhir"" value=""events-since-subscription-start""/>","","","","",,,,,"",,,,"Parameters.parameter.name",1,1,"","ele-1:All FHIR elements must have a @value or children {hasValue() or (children().count() > id.count())}
"
"Parameters.parameter:eventsSinceSubscriptionStart.value[x]","Parameters.parameter.value[x]","","","",0,1,"Y","","Y","string {[]} {[]}
","Events since the Subscription was created","The total number of actual events which have been generated since the Subscription was created (inclusive of this notification) - regardless of how many have been successfully communicated. This number is NOT incremented for handshake and heartbeat notifications.","","","","","","","","","",,,,,"",,,,"Parameters.parameter.value[x]",0,1,"inv-1
","ele-1:All FHIR elements must have a @value or children {hasValue() or (children().count() > id.count())}
"
"Parameters.parameter:eventsSinceSubscriptionStart.resource","Parameters.parameter.resource","","","",0,1,"","","Y","Resource {[]} {[]}
","If parameter is a whole resource","If the parameter is a whole resource.","When resolving references in resources, the operation definition may specify how references may be resolved between parameters. If a reference cannot be resolved between the parameters, the application should fall back to it's general resource resolution methods.","","","","","","","","",,,,,"",,,,"Parameters.parameter.resource",0,1,"inv-1
",""
"Parameters.parameter:eventsSinceSubscriptionStart.part","Parameters.parameter.part","","","",0,*,"","","Y","null {[]} {[]}
","Named part of a multi-part parameter","A named part of a multi-part parameter.","Only one level of nested parameters is allowed.","","","","","","","","",,,,,"",,,,"Parameters.parameter.part",0,*,"","ele-1:All FHIR elements must have a @value or children {hasValue() or (children().count() > id.count())}
"
"Parameters.parameter:notificationEvent","Parameters.parameter","notificationEvent","","",0,*,"Y","","Y","BackboneElement {[]} {[]}
","Parameter containing the event notification details","A parameter passed to or received from the operation.","","","","","","","","","",,,,,"",,,,"Parameters.parameter",0,*,"","ele-1:All FHIR elements must have a @value or children unless an empty Parameters resource {hasValue() or (children().count() > id.count()) or $this is Parameters}
inv-1:A parameter must have one and only one of (value, resource, part) {(part.exists() and value.empty() and resource.empty()) or (part.empty() and (value.exists() xor resource.exists()))}"
"Parameters.parameter:notificationEvent.id","Parameters.parameter.id","","","",0,1,"","","","string {[]} {[]}
","Unique id for inter-element referencing","Unique id for the element within a resource (for internal references). This may be any string value that does not contain spaces.","","","","","","","","","",,,,,"",,,,"Element.id",0,1,"","","n/a"
"Parameters.parameter:notificationEvent.extension","Parameters.parameter.extension","","extensions
user content","",0,*,"","","","Extension {[]} {[]}
","Additional content defined by implementations","May be used to represent additional information that is not part of the basic definition of the element. To make the use of extensions safe and manageable, there is a strict set of governance  applied to the definition and use of extensions. Though any implementer can define an extension, there is a set of requirements that SHALL be met as part of the definition of the extension.","There can be no stigma associated with the use of extensions by any application, project, or standard - regardless of the institution or jurisdiction that uses or defines the extensions.  The use of extensions is what allows the FHIR specification to retain a core level of simplicity for everyone.","","","","","","","","",,,,,"",,,,"Element.extension",0,*,"","ele-1:All FHIR elements must have a @value or children {hasValue() or (children().count() > id.count())}
ext-1:Must have either extensions or value[x], not both {extension.exists() != value.exists()}","n/a"
"Parameters.parameter:notificationEvent.modifierExtension","Parameters.parameter.modifierExtension","","extensions
user contentmodifiers","",0,*,"","Y","Y","Extension {[]} {[]}
","Extensions that cannot be ignored even if unrecognized","May be used to represent additional information that is not part of the basic definition of the element and that modifies the understanding of the element in which it is contained and/or the understanding of the containing element's descendants. Usually modifier elements provide negation or qualification. To make the use of extensions safe and manageable, there is a strict set of governance applied to the definition and use of extensions. Though any implementer can define an extension, there is a set of requirements that SHALL be met as part of the definition of the extension. Applications processing a resource are required to check for modifier extensions.

Modifier extensions SHALL NOT change the meaning of any elements on Resource or DomainResource (including cannot change the meaning of modifierExtension itself).","There can be no stigma associated with the use of extensions by any application, project, or standard - regardless of the institution or jurisdiction that uses or defines the extensions.  The use of extensions is what allows the FHIR specification to retain a core level of simplicity for everyone.","Modifier extensions allow for extensions that *cannot* be safely ignored to be clearly distinguished from the vast majority of extensions which can be safely ignored.  This promotes interoperability by eliminating the need for implementers to prohibit the presence of extensions. For further information, see the [definition of modifier extensions](http://hl7.org/fhir/R4/extensibility.html#modifierExtension).","","","","","","","",,,,,"",,,,"BackboneElement.modifierExtension",0,*,"","ele-1:All FHIR elements must have a @value or children {hasValue() or (children().count() > id.count())}
ext-1:Must have either extensions or value[x], not both {extension.exists() != value.exists()}","N/A"
"Parameters.parameter:notificationEvent.name","Parameters.parameter.name","","","",1,1,"","","Y","string {[]} {[]}
","Parameter containing notification event details","The name of the parameter (reference to the operation definition).","","","","","<valueString xmlns=""http://hl7.org/fhir"" value=""notification-event""/>","","","","",,,,,"",,,,"Parameters.parameter.name",1,1,"","ele-1:All FHIR elements must have a @value or children {hasValue() or (children().count() > id.count())}
"
"Parameters.parameter:notificationEvent.value[x]","Parameters.parameter.value[x]","","","",0,1,"","","Y","base64Binary {[]} {[]}
boolean {[]} {[]}canonical {[]} {[]}code {[]} {[]}date {[]} {[]}dateTime {[]} {[]}decimal {[]} {[]}id {[]} {[]}instant {[]} {[]}integer {[]} {[]}markdown {[]} {[]}oid {[]} {[]}positiveInt {[]} {[]}string {[]} {[]}time {[]} {[]}unsignedInt {[]} {[]}uri {[]} {[]}url {[]} {[]}uuid {[]} {[]}Address {[]} {[]}Age {[]} {[]}Annotation {[]} {[]}Attachment {[]} {[]}CodeableConcept {[]} {[]}Coding {[]} {[]}ContactPoint {[]} {[]}Count {[]} {[]}Distance {[]} {[]}Duration {[]} {[]}HumanName {[]} {[]}Identifier {[]} {[]}Money {[]} {[]}Period {[]} {[]}Quantity {[]} {[]}Range {[]} {[]}Ratio {[]} {[]}Reference {[]} {[]}SampledData {[]} {[]}Signature {[]} {[]}Timing {[]} {[]}ContactDetail {[]} {[]}Contributor {[]} {[]}DataRequirement {[]} {[]}Expression {[]} {[]}ParameterDefinition {[]} {[]}RelatedArtifact {[]} {[]}TriggerDefinition {[]} {[]}UsageContext {[]} {[]}Dosage {[]} {[]}Meta {[]} {[]}","If parameter is a data type","Conveys the content if the parameter is a data type.","","","","","","","","","",,,,,"",,,,"Parameters.parameter.value[x]",0,1,"inv-1
","ele-1:All FHIR elements must have a @value or children {hasValue() or (children().count() > id.count())}
"
"Parameters.parameter:notificationEvent.resource","Parameters.parameter.resource","","","",0,1,"","","Y","Resource {[]} {[]}
","If parameter is a whole resource","If the parameter is a whole resource.","When resolving references in resources, the operation definition may specify how references may be resolved between parameters. If a reference cannot be resolved between the parameters, the application should fall back to it's general resource resolution methods.","","","","","","","","",,,,,"",,,,"Parameters.parameter.resource",0,1,"inv-1
",""
"Parameters.parameter:notificationEvent.part","Parameters.parameter.part","","","",1,*,"Y","","Y","null {[]} {[]}
","Named part of a multi-part parameter","A named part of a multi-part parameter.","Only one level of nested parameters is allowed.","","","","","","","","",,,,,"","value:name}
","Slice on notification event parameter name",,"open","Parameters.parameter.part",0,*,"","ele-1:All FHIR elements must have a @value or children {hasValue() or (children().count() > id.count())}
"
"Parameters.parameter:notificationEvent.part:eventNumber","Parameters.parameter.part","eventNumber","","",1,1,"Y","","Y","BackboneElement {[]} {[]}
","Parameter containing the event number","A named part of a multi-part parameter.","Only one level of nested parameters is allowed.","","","","","","","","",,,,,"",,,,"Parameters.parameter.part",0,*,"","ele-1:All FHIR elements must have a @value or children {hasValue() or (children().count() > id.count())}
"
"Parameters.parameter:notificationEvent.part:eventNumber.id","Parameters.parameter.part.id","","","",0,1,"","","","string {[]} {[]}
","Unique id for inter-element referencing","Unique id for the element within a resource (for internal references). This may be any string value that does not contain spaces.","","","","","","","","","",,,,,"",,,,"Element.id",0,1,"","","n/a"
"Parameters.parameter:notificationEvent.part:eventNumber.extension","Parameters.parameter.part.extension","","extensions
user content","",0,*,"","","","Extension {[]} {[]}
","Additional content defined by implementations","May be used to represent additional information that is not part of the basic definition of the element. To make the use of extensions safe and manageable, there is a strict set of governance  applied to the definition and use of extensions. Though any implementer can define an extension, there is a set of requirements that SHALL be met as part of the definition of the extension.","There can be no stigma associated with the use of extensions by any application, project, or standard - regardless of the institution or jurisdiction that uses or defines the extensions.  The use of extensions is what allows the FHIR specification to retain a core level of simplicity for everyone.","","","","","","","","",,,,,"",,,,"Element.extension",0,*,"","ele-1:All FHIR elements must have a @value or children {hasValue() or (children().count() > id.count())}
ext-1:Must have either extensions or value[x], not both {extension.exists() != value.exists()}","n/a"
"Parameters.parameter:notificationEvent.part:eventNumber.modifierExtension","Parameters.parameter.part.modifierExtension","","extensions
user contentmodifiers","",0,*,"","Y","Y","Extension {[]} {[]}
","Extensions that cannot be ignored even if unrecognized","May be used to represent additional information that is not part of the basic definition of the element and that modifies the understanding of the element in which it is contained and/or the understanding of the containing element's descendants. Usually modifier elements provide negation or qualification. To make the use of extensions safe and manageable, there is a strict set of governance applied to the definition and use of extensions. Though any implementer can define an extension, there is a set of requirements that SHALL be met as part of the definition of the extension. Applications processing a resource are required to check for modifier extensions.

Modifier extensions SHALL NOT change the meaning of any elements on Resource or DomainResource (including cannot change the meaning of modifierExtension itself).","There can be no stigma associated with the use of extensions by any application, project, or standard - regardless of the institution or jurisdiction that uses or defines the extensions.  The use of extensions is what allows the FHIR specification to retain a core level of simplicity for everyone.","Modifier extensions allow for extensions that *cannot* be safely ignored to be clearly distinguished from the vast majority of extensions which can be safely ignored.  This promotes interoperability by eliminating the need for implementers to prohibit the presence of extensions. For further information, see the [definition of modifier extensions](http://hl7.org/fhir/R4/extensibility.html#modifierExtension).","","","","","","","",,,,,"",,,,"BackboneElement.modifierExtension",0,*,"","ele-1:All FHIR elements must have a @value or children {hasValue() or (children().count() > id.count())}
ext-1:Must have either extensions or value[x], not both {extension.exists() != value.exists()}","N/A"
"Parameters.parameter:notificationEvent.part:eventNumber.name","Parameters.parameter.part.name","","","",1,1,"","","Y","string {[]} {[]}
","Slice discriminator: the event number","The name of the parameter (reference to the operation definition).","","","","","<valueString xmlns=""http://hl7.org/fhir"" value=""event-number""/>","","","","",,,,,"",,,,"Parameters.parameter.name",1,1,"","ele-1:All FHIR elements must have a @value or children {hasValue() or (children().count() > id.count())}
"
"Parameters.parameter:notificationEvent.part:eventNumber.value[x]","Parameters.parameter.part.value[x]","","","",1,1,"Y","","Y","string {[]} {[]}
","Event number","The sequential number of this event in this subscription context.","","","","","","","","","",,,,,"",,,,"Parameters.parameter.value[x]",0,1,"inv-1
","ele-1:All FHIR elements must have a @value or children {hasValue() or (children().count() > id.count())}
"
"Parameters.parameter:notificationEvent.part:eventNumber.resource","Parameters.parameter.part.resource","","","",0,1,"","","Y","Resource {[]} {[]}
","If parameter is a whole resource","If the parameter is a whole resource.","When resolving references in resources, the operation definition may specify how references may be resolved between parameters. If a reference cannot be resolved between the parameters, the application should fall back to it's general resource resolution methods.","","","","","","","","",,,,,"",,,,"Parameters.parameter.resource",0,1,"inv-1
",""
"Parameters.parameter:notificationEvent.part:eventNumber.part","Parameters.parameter.part.part","","","",0,*,"","","Y","null {[]} {[]}
","Named part of a multi-part parameter","A named part of a multi-part parameter.","Only one level of nested parameters is allowed.","","","","","","","","",,,,,"",,,,"Parameters.parameter.part",0,*,"","ele-1:All FHIR elements must have a @value or children {hasValue() or (children().count() > id.count())}
"
"Parameters.parameter:notificationEvent.part:eventTimestamp","Parameters.parameter.part","eventTimestamp","","",0,1,"Y","","Y","BackboneElement {[]} {[]}
","Parameter containing the event timestamp","A named part of a multi-part parameter.","Only one level of nested parameters is allowed.","","","","","","","","",,,,,"",,,,"Parameters.parameter.part",0,*,"","ele-1:All FHIR elements must have a @value or children {hasValue() or (children().count() > id.count())}
"
"Parameters.parameter:notificationEvent.part:eventTimestamp.id","Parameters.parameter.part.id","","","",0,1,"","","","string {[]} {[]}
","Unique id for inter-element referencing","Unique id for the element within a resource (for internal references). This may be any string value that does not contain spaces.","","","","","","","","","",,,,,"",,,,"Element.id",0,1,"","","n/a"
"Parameters.parameter:notificationEvent.part:eventTimestamp.extension","Parameters.parameter.part.extension","","extensions
user content","",0,*,"","","","Extension {[]} {[]}
","Additional content defined by implementations","May be used to represent additional information that is not part of the basic definition of the element. To make the use of extensions safe and manageable, there is a strict set of governance  applied to the definition and use of extensions. Though any implementer can define an extension, there is a set of requirements that SHALL be met as part of the definition of the extension.","There can be no stigma associated with the use of extensions by any application, project, or standard - regardless of the institution or jurisdiction that uses or defines the extensions.  The use of extensions is what allows the FHIR specification to retain a core level of simplicity for everyone.","","","","","","","","",,,,,"",,,,"Element.extension",0,*,"","ele-1:All FHIR elements must have a @value or children {hasValue() or (children().count() > id.count())}
ext-1:Must have either extensions or value[x], not both {extension.exists() != value.exists()}","n/a"
"Parameters.parameter:notificationEvent.part:eventTimestamp.modifierExtension","Parameters.parameter.part.modifierExtension","","extensions
user contentmodifiers","",0,*,"","Y","Y","Extension {[]} {[]}
","Extensions that cannot be ignored even if unrecognized","May be used to represent additional information that is not part of the basic definition of the element and that modifies the understanding of the element in which it is contained and/or the understanding of the containing element's descendants. Usually modifier elements provide negation or qualification. To make the use of extensions safe and manageable, there is a strict set of governance applied to the definition and use of extensions. Though any implementer can define an extension, there is a set of requirements that SHALL be met as part of the definition of the extension. Applications processing a resource are required to check for modifier extensions.

Modifier extensions SHALL NOT change the meaning of any elements on Resource or DomainResource (including cannot change the meaning of modifierExtension itself).","There can be no stigma associated with the use of extensions by any application, project, or standard - regardless of the institution or jurisdiction that uses or defines the extensions.  The use of extensions is what allows the FHIR specification to retain a core level of simplicity for everyone.","Modifier extensions allow for extensions that *cannot* be safely ignored to be clearly distinguished from the vast majority of extensions which can be safely ignored.  This promotes interoperability by eliminating the need for implementers to prohibit the presence of extensions. For further information, see the [definition of modifier extensions](http://hl7.org/fhir/R4/extensibility.html#modifierExtension).","","","","","","","",,,,,"",,,,"BackboneElement.modifierExtension",0,*,"","ele-1:All FHIR elements must have a @value or children {hasValue() or (children().count() > id.count())}
ext-1:Must have either extensions or value[x], not both {extension.exists() != value.exists()}","N/A"
"Parameters.parameter:notificationEvent.part:eventTimestamp.name","Parameters.parameter.part.name","","","",1,1,"","","Y","string {[]} {[]}
","Slice discriminator: the event timestamp","The name of the parameter (reference to the operation definition).","","","","","<valueString xmlns=""http://hl7.org/fhir"" value=""timestamp""/>","","","","",,,,,"",,,,"Parameters.parameter.name",1,1,"","ele-1:All FHIR elements must have a @value or children {hasValue() or (children().count() > id.count())}
"
"Parameters.parameter:notificationEvent.part:eventTimestamp.value[x]","Parameters.parameter.part.value[x]","","","",0,1,"Y","","Y","instant {[]} {[]}
","The instant this event occurred","The actual time this event occured on the server.","","","","","","","","","",,,,,"",,,,"Parameters.parameter.value[x]",0,1,"inv-1
","ele-1:All FHIR elements must have a @value or children {hasValue() or (children().count() > id.count())}
"
"Parameters.parameter:notificationEvent.part:eventTimestamp.resource","Parameters.parameter.part.resource","","","",0,1,"","","Y","Resource {[]} {[]}
","If parameter is a whole resource","If the parameter is a whole resource.","When resolving references in resources, the operation definition may specify how references may be resolved between parameters. If a reference cannot be resolved between the parameters, the application should fall back to it's general resource resolution methods.","","","","","","","","",,,,,"",,,,"Parameters.parameter.resource",0,1,"inv-1
",""
"Parameters.parameter:notificationEvent.part:eventTimestamp.part","Parameters.parameter.part.part","","","",0,*,"","","Y","null {[]} {[]}
","Named part of a multi-part parameter","A named part of a multi-part parameter.","Only one level of nested parameters is allowed.","","","","","","","","",,,,,"",,,,"Parameters.parameter.part",0,*,"","ele-1:All FHIR elements must have a @value or children {hasValue() or (children().count() > id.count())}
"
"Parameters.parameter:notificationEvent.part:eventFocus","Parameters.parameter.part","eventFocus","","",0,1,"Y","","Y","BackboneElement {[]} {[]}
","Parameter containing the event focus","A named part of a multi-part parameter.","Only one level of nested parameters is allowed.","","","","","","","","",,,,,"",,,,"Parameters.parameter.part",0,*,"","ele-1:All FHIR elements must have a @value or children {hasValue() or (children().count() > id.count())}
"
"Parameters.parameter:notificationEvent.part:eventFocus.id","Parameters.parameter.part.id","","","",0,1,"","","","string {[]} {[]}
","Unique id for inter-element referencing","Unique id for the element within a resource (for internal references). This may be any string value that does not contain spaces.","","","","","","","","","",,,,,"",,,,"Element.id",0,1,"","","n/a"
"Parameters.parameter:notificationEvent.part:eventFocus.extension","Parameters.parameter.part.extension","","extensions
user content","",0,*,"","","","Extension {[]} {[]}
","Additional content defined by implementations","May be used to represent additional information that is not part of the basic definition of the element. To make the use of extensions safe and manageable, there is a strict set of governance  applied to the definition and use of extensions. Though any implementer can define an extension, there is a set of requirements that SHALL be met as part of the definition of the extension.","There can be no stigma associated with the use of extensions by any application, project, or standard - regardless of the institution or jurisdiction that uses or defines the extensions.  The use of extensions is what allows the FHIR specification to retain a core level of simplicity for everyone.","","","","","","","","",,,,,"",,,,"Element.extension",0,*,"","ele-1:All FHIR elements must have a @value or children {hasValue() or (children().count() > id.count())}
ext-1:Must have either extensions or value[x], not both {extension.exists() != value.exists()}","n/a"
"Parameters.parameter:notificationEvent.part:eventFocus.modifierExtension","Parameters.parameter.part.modifierExtension","","extensions
user contentmodifiers","",0,*,"","Y","Y","Extension {[]} {[]}
","Extensions that cannot be ignored even if unrecognized","May be used to represent additional information that is not part of the basic definition of the element and that modifies the understanding of the element in which it is contained and/or the understanding of the containing element's descendants. Usually modifier elements provide negation or qualification. To make the use of extensions safe and manageable, there is a strict set of governance applied to the definition and use of extensions. Though any implementer can define an extension, there is a set of requirements that SHALL be met as part of the definition of the extension. Applications processing a resource are required to check for modifier extensions.

Modifier extensions SHALL NOT change the meaning of any elements on Resource or DomainResource (including cannot change the meaning of modifierExtension itself).","There can be no stigma associated with the use of extensions by any application, project, or standard - regardless of the institution or jurisdiction that uses or defines the extensions.  The use of extensions is what allows the FHIR specification to retain a core level of simplicity for everyone.","Modifier extensions allow for extensions that *cannot* be safely ignored to be clearly distinguished from the vast majority of extensions which can be safely ignored.  This promotes interoperability by eliminating the need for implementers to prohibit the presence of extensions. For further information, see the [definition of modifier extensions](http://hl7.org/fhir/R4/extensibility.html#modifierExtension).","","","","","","","",,,,,"",,,,"BackboneElement.modifierExtension",0,*,"","ele-1:All FHIR elements must have a @value or children {hasValue() or (children().count() > id.count())}
ext-1:Must have either extensions or value[x], not both {extension.exists() != value.exists()}","N/A"
"Parameters.parameter:notificationEvent.part:eventFocus.name","Parameters.parameter.part.name","","","",1,1,"","","Y","string {[]} {[]}
","Slice discriminator: the event focus","The name of the parameter (reference to the operation definition).","","","","","<valueString xmlns=""http://hl7.org/fhir"" value=""focus""/>","","","","",,,,,"",,,,"Parameters.parameter.name",1,1,"","ele-1:All FHIR elements must have a @value or children {hasValue() or (children().count() > id.count())}
"
"Parameters.parameter:notificationEvent.part:eventFocus.value[x]","Parameters.parameter.part.value[x]","","","",0,1,"Y","","Y","Reference {[]} {[]}
","The focus of this event","The focus of this event. While this will usually be a reference to the focus resource of the event, it MAY contain a reference to a non-FHIR object.","","","","","","","","","",,,,,"",,,,"Parameters.parameter.value[x]",0,1,"inv-1
","ele-1:All FHIR elements must have a @value or children {hasValue() or (children().count() > id.count())}
"
"Parameters.parameter:notificationEvent.part:eventFocus.resource","Parameters.parameter.part.resource","","","",0,1,"","","Y","Resource {[]} {[]}
","If parameter is a whole resource","If the parameter is a whole resource.","When resolving references in resources, the operation definition may specify how references may be resolved between parameters. If a reference cannot be resolved between the parameters, the application should fall back to it's general resource resolution methods.","","","","","","","","",,,,,"",,,,"Parameters.parameter.resource",0,1,"inv-1
",""
"Parameters.parameter:notificationEvent.part:eventFocus.part","Parameters.parameter.part.part","","","",0,*,"","","Y","null {[]} {[]}
","Named part of a multi-part parameter","A named part of a multi-part parameter.","Only one level of nested parameters is allowed.","","","","","","","","",,,,,"",,,,"Parameters.parameter.part",0,*,"","ele-1:All FHIR elements must have a @value or children {hasValue() or (children().count() > id.count())}
"
"Parameters.parameter:notificationEvent.part:eventAdditionalContext","Parameters.parameter.part","eventAdditionalContext","","",0,*,"Y","","Y","BackboneElement {[]} {[]}
","Parameter containing additional context for this event","A named part of a multi-part parameter.","Only one level of nested parameters is allowed.","","","","","","","","",,,,,"",,,,"Parameters.parameter.part",0,*,"","ele-1:All FHIR elements must have a @value or children {hasValue() or (children().count() > id.count())}
"
"Parameters.parameter:notificationEvent.part:eventAdditionalContext.id","Parameters.parameter.part.id","","","",0,1,"","","","string {[]} {[]}
","Unique id for inter-element referencing","Unique id for the element within a resource (for internal references). This may be any string value that does not contain spaces.","","","","","","","","","",,,,,"",,,,"Element.id",0,1,"","","n/a"
"Parameters.parameter:notificationEvent.part:eventAdditionalContext.extension","Parameters.parameter.part.extension","","extensions
user content","",0,*,"","","","Extension {[]} {[]}
","Additional content defined by implementations","May be used to represent additional information that is not part of the basic definition of the element. To make the use of extensions safe and manageable, there is a strict set of governance  applied to the definition and use of extensions. Though any implementer can define an extension, there is a set of requirements that SHALL be met as part of the definition of the extension.","There can be no stigma associated with the use of extensions by any application, project, or standard - regardless of the institution or jurisdiction that uses or defines the extensions.  The use of extensions is what allows the FHIR specification to retain a core level of simplicity for everyone.","","","","","","","","",,,,,"",,,,"Element.extension",0,*,"","ele-1:All FHIR elements must have a @value or children {hasValue() or (children().count() > id.count())}
ext-1:Must have either extensions or value[x], not both {extension.exists() != value.exists()}","n/a"
"Parameters.parameter:notificationEvent.part:eventAdditionalContext.modifierExtension","Parameters.parameter.part.modifierExtension","","extensions
user contentmodifiers","",0,*,"","Y","Y","Extension {[]} {[]}
","Extensions that cannot be ignored even if unrecognized","May be used to represent additional information that is not part of the basic definition of the element and that modifies the understanding of the element in which it is contained and/or the understanding of the containing element's descendants. Usually modifier elements provide negation or qualification. To make the use of extensions safe and manageable, there is a strict set of governance applied to the definition and use of extensions. Though any implementer can define an extension, there is a set of requirements that SHALL be met as part of the definition of the extension. Applications processing a resource are required to check for modifier extensions.

Modifier extensions SHALL NOT change the meaning of any elements on Resource or DomainResource (including cannot change the meaning of modifierExtension itself).","There can be no stigma associated with the use of extensions by any application, project, or standard - regardless of the institution or jurisdiction that uses or defines the extensions.  The use of extensions is what allows the FHIR specification to retain a core level of simplicity for everyone.","Modifier extensions allow for extensions that *cannot* be safely ignored to be clearly distinguished from the vast majority of extensions which can be safely ignored.  This promotes interoperability by eliminating the need for implementers to prohibit the presence of extensions. For further information, see the [definition of modifier extensions](http://hl7.org/fhir/R4/extensibility.html#modifierExtension).","","","","","","","",,,,,"",,,,"BackboneElement.modifierExtension",0,*,"","ele-1:All FHIR elements must have a @value or children {hasValue() or (children().count() > id.count())}
ext-1:Must have either extensions or value[x], not both {extension.exists() != value.exists()}","N/A"
"Parameters.parameter:notificationEvent.part:eventAdditionalContext.name","Parameters.parameter.part.name","","","",1,1,"","","Y","string {[]} {[]}
","Slice discriminator: additional context for this event","The name of the parameter (reference to the operation definition).","","","","","<valueString xmlns=""http://hl7.org/fhir"" value=""additional-context""/>","","","","",,,,,"",,,,"Parameters.parameter.name",1,1,"","ele-1:All FHIR elements must have a @value or children {hasValue() or (children().count() > id.count())}
"
"Parameters.parameter:notificationEvent.part:eventAdditionalContext.value[x]","Parameters.parameter.part.value[x]","","","",0,1,"Y","","Y","Reference {[]} {[]}
","Additional context for this event","Additional context information for this event. Generally, this will contain references to additional resources included with the event (e.g., the Patient relevant to an Encounter), however it MAY refer to non-FHIR objects.","","","","","","","","","",,,,,"",,,,"Parameters.parameter.value[x]",0,1,"inv-1
","ele-1:All FHIR elements must have a @value or children {hasValue() or (children().count() > id.count())}
"
"Parameters.parameter:notificationEvent.part:eventAdditionalContext.resource","Parameters.parameter.part.resource","","","",0,1,"","","Y","Resource {[]} {[]}
","If parameter is a whole resource","If the parameter is a whole resource.","When resolving references in resources, the operation definition may specify how references may be resolved between parameters. If a reference cannot be resolved between the parameters, the application should fall back to it's general resource resolution methods.","","","","","","","","",,,,,"",,,,"Parameters.parameter.resource",0,1,"inv-1
",""
"Parameters.parameter:notificationEvent.part:eventAdditionalContext.part","Parameters.parameter.part.part","","","",0,*,"","","Y","null {[]} {[]}
","Named part of a multi-part parameter","A named part of a multi-part parameter.","Only one level of nested parameters is allowed.","","","","","","","","",,,,,"",,,,"Parameters.parameter.part",0,*,"","ele-1:All FHIR elements must have a @value or children {hasValue() or (children().count() > id.count())}
"
"Parameters.parameter:error","Parameters.parameter","error","","",0,*,"Y","","Y","BackboneElement {[]} {[]}
","Parameter containing errors on the subscription","A parameter passed to or received from the operation.","","","","","","","","","",,,,,"",,,,"Parameters.parameter",0,*,"","ele-1:All FHIR elements must have a @value or children unless an empty Parameters resource {hasValue() or (children().count() > id.count()) or $this is Parameters}
inv-1:A parameter must have one and only one of (value, resource, part) {(part.exists() and value.empty() and resource.empty()) or (part.empty() and (value.exists() xor resource.exists()))}"
"Parameters.parameter:error.id","Parameters.parameter.id","","","",0,1,"","","","string {[]} {[]}
","Unique id for inter-element referencing","Unique id for the element within a resource (for internal references). This may be any string value that does not contain spaces.","","","","","","","","","",,,,,"",,,,"Element.id",0,1,"","","n/a"
"Parameters.parameter:error.extension","Parameters.parameter.extension","","extensions
user content","",0,*,"","","","Extension {[]} {[]}
","Additional content defined by implementations","May be used to represent additional information that is not part of the basic definition of the element. To make the use of extensions safe and manageable, there is a strict set of governance  applied to the definition and use of extensions. Though any implementer can define an extension, there is a set of requirements that SHALL be met as part of the definition of the extension.","There can be no stigma associated with the use of extensions by any application, project, or standard - regardless of the institution or jurisdiction that uses or defines the extensions.  The use of extensions is what allows the FHIR specification to retain a core level of simplicity for everyone.","","","","","","","","",,,,,"",,,,"Element.extension",0,*,"","ele-1:All FHIR elements must have a @value or children {hasValue() or (children().count() > id.count())}
ext-1:Must have either extensions or value[x], not both {extension.exists() != value.exists()}","n/a"
"Parameters.parameter:error.modifierExtension","Parameters.parameter.modifierExtension","","extensions
user contentmodifiers","",0,*,"","Y","Y","Extension {[]} {[]}
","Extensions that cannot be ignored even if unrecognized","May be used to represent additional information that is not part of the basic definition of the element and that modifies the understanding of the element in which it is contained and/or the understanding of the containing element's descendants. Usually modifier elements provide negation or qualification. To make the use of extensions safe and manageable, there is a strict set of governance applied to the definition and use of extensions. Though any implementer can define an extension, there is a set of requirements that SHALL be met as part of the definition of the extension. Applications processing a resource are required to check for modifier extensions.

Modifier extensions SHALL NOT change the meaning of any elements on Resource or DomainResource (including cannot change the meaning of modifierExtension itself).","There can be no stigma associated with the use of extensions by any application, project, or standard - regardless of the institution or jurisdiction that uses or defines the extensions.  The use of extensions is what allows the FHIR specification to retain a core level of simplicity for everyone.","Modifier extensions allow for extensions that *cannot* be safely ignored to be clearly distinguished from the vast majority of extensions which can be safely ignored.  This promotes interoperability by eliminating the need for implementers to prohibit the presence of extensions. For further information, see the [definition of modifier extensions](http://hl7.org/fhir/R4/extensibility.html#modifierExtension).","","","","","","","",,,,,"",,,,"BackboneElement.modifierExtension",0,*,"","ele-1:All FHIR elements must have a @value or children {hasValue() or (children().count() > id.count())}
ext-1:Must have either extensions or value[x], not both {extension.exists() != value.exists()}","N/A"
"Parameters.parameter:error.name","Parameters.parameter.name","","","",1,1,"","","Y","string {[]} {[]}
","Slice discriminator: errors on the subscription","The name of the parameter (reference to the operation definition).","","","","","<valueString xmlns=""http://hl7.org/fhir"" value=""error""/>","","","","",,,,,"",,,,"Parameters.parameter.name",1,1,"","ele-1:All FHIR elements must have a @value or children {hasValue() or (children().count() > id.count())}
"
"Parameters.parameter:error.value[x]","Parameters.parameter.value[x]","","","",0,1,"Y","","Y","CodeableConcept {[]} {[]}
","An error on the subscription","A record of errors that occurred when the server processed a notification.","","","","","","","","","",,,,,"",,,,"Parameters.parameter.value[x]",0,1,"inv-1
","ele-1:All FHIR elements must have a @value or children {hasValue() or (children().count() > id.count())}
"
"Parameters.parameter:error.resource","Parameters.parameter.resource","","","",0,1,"","","Y","Resource {[]} {[]}
","If parameter is a whole resource","If the parameter is a whole resource.","When resolving references in resources, the operation definition may specify how references may be resolved between parameters. If a reference cannot be resolved between the parameters, the application should fall back to it's general resource resolution methods.","","","","","","","","",,,,,"",,,,"Parameters.parameter.resource",0,1,"inv-1
",""
"Parameters.parameter:error.part","Parameters.parameter.part","","","",0,*,"","","Y","null {[]} {[]}
","Named part of a multi-part parameter","A named part of a multi-part parameter.","Only one level of nested parameters is allowed.","","","","","","","","",,,,,"",,,,"Parameters.parameter.part",0,*,"","ele-1:All FHIR elements must have a @value or children {hasValue() or (children().count() > id.count())}
"
